"ID","Description","GeneRatio","BgRatio","RichFactor","FoldEnrichment","zScore","pvalue","p.adjust","qvalue","geneID","Count"
"GO:0030198","extracellular matrix organization","48/641","206/12837",0.233009708737864,4.6663738394196,12.1614861395469,9.11651942263219e-20,1.55870115266518e-16,1.0849294121559e-16,"ADAMTS1/LUM/COLEC12/GREM1/LAMA2/COL5A2/COL4A6/COL7A1/FLRT2/PLAU/ADAMTS5/ADAMTSL5/P3H4/BMP2/MMP14/PHLDB1/MMP1/DDR2/COL4A2/FAP/COL4A1/FBLN5/FBLN1/CTSK/RECK/COL4A5/TGFBI/APLP1/MMP12/COL8A1/FBN1/ITGA2/ADAMTS19/CARMIL2/LAMA1/MMP3/COL1A1/PXDN/FURIN/LRP1/COL1A2/EMILIN1/MFAP4/CCDC80/MMP10/COL16A1/COL3A1/IL6",48
"GO:0043062","extracellular structure organization","48/641","206/12837",0.233009708737864,4.6663738394196,12.1614861395469,9.11651942263219e-20,1.55870115266518e-16,1.0849294121559e-16,"ADAMTS1/LUM/COLEC12/GREM1/LAMA2/COL5A2/COL4A6/COL7A1/FLRT2/PLAU/ADAMTS5/ADAMTSL5/P3H4/BMP2/MMP14/PHLDB1/MMP1/DDR2/COL4A2/FAP/COL4A1/FBLN5/FBLN1/CTSK/RECK/COL4A5/TGFBI/APLP1/MMP12/COL8A1/FBN1/ITGA2/ADAMTS19/CARMIL2/LAMA1/MMP3/COL1A1/PXDN/FURIN/LRP1/COL1A2/EMILIN1/MFAP4/CCDC80/MMP10/COL16A1/COL3A1/IL6",48
"GO:0045229","external encapsulating structure organization","48/641","207/12837",0.231884057971014,4.64383097063013,12.1164914830482,1.13250265391028e-19,1.55870115266518e-16,1.0849294121559e-16,"ADAMTS1/LUM/COLEC12/GREM1/LAMA2/COL5A2/COL4A6/COL7A1/FLRT2/PLAU/ADAMTS5/ADAMTSL5/P3H4/BMP2/MMP14/PHLDB1/MMP1/DDR2/COL4A2/FAP/COL4A1/FBLN5/FBLN1/CTSK/RECK/COL4A5/TGFBI/APLP1/MMP12/COL8A1/FBN1/ITGA2/ADAMTS19/CARMIL2/LAMA1/MMP3/COL1A1/PXDN/FURIN/LRP1/COL1A2/EMILIN1/MFAP4/CCDC80/MMP10/COL16A1/COL3A1/IL6",48
"GO:0001568","blood vessel development","66/641","490/12837",0.13469387755102,2.69744977554204,8.78313200999211,1.03512768690973e-13,1.06851055481257e-10,7.43733669621653e-11,"FGF2/ADAMTS1/HSPB1/DCN/MFGE8/HOXA3/GREM1/HMOX1/THY1/MEF2C/TWIST1/ACTA2/AMOTL1/CD36/HAND2/CCL2/HOXB3/C3/VEGFD/ECM1/CHI3L1/ADGRA2/SPARC/CXCL8/MMP14/PTGS2/ADM/COL4A2/FAP/COL4A1/FBLN5/GRN/JAM3/MCAM/RECK/TGFBI/JCAD/NRP1/RSPO3/TCF21/SPHK1/COL8A1/FBN1/SH2D2A/IGFBP7/ARHGAP22/TEK/TBX2/TMEM100/COL1A1/MICALL1/PXDN/LRP1/COL1A2/FOXF1/THBS1/PLK2/EREG/EMILIN1/SERPINB7/PDGFRA/PRKD1/COL3A1/IL6/WNT5A/IL1B",66
"GO:0009887","animal organ morphogenesis","60/641","427/12837",0.140515222482436,2.81403106241346,8.73992945648425,2.30581391981866e-13,1.90414113498625e-10,1.32537190898342e-10,"FGF2/SCRIB/DCN/TMEM176B/LRRK2/HOXA3/BASP1/SAMD11/LIF/RAB23/GREM1/ACTG2/SALL1/FOXD1/SLC4A2/COL5A2/THY1/MEF2C/SNAI2/TWIST1/FLRT2/NRG1/ACTA2/FGF7/CYP26B1/GLI3/HAND2/CCL2/ADAMTS5/HOXB3/TCAP/HGF/SPARC/WNT2B/BMP2/HRAS/GDNF/PBX1/NRP1/TCF21/APLP1/FBN1/ITGA2/INHBA/ADAMTS19/TEK/FBN2/TBX2/FHL1/FGFR1/CITED2/COL1A1/ID3/COL1A2/FOXF1/EREG/STC1/PDGFRA/COL3A1/WNT5A",60
"GO:0071363","cellular response to growth factor stimulus","65/641","495/12837",0.131313131313131,2.62974518980759,8.47743946810672,5.31990033945986e-13,3.66097808360496e-10,2.54821316669313e-10,"FGF2/HSPB1/DCN/PDE3A/DAB2/CDKN2B/GREM1/BDNF/INPP5K/FOXD1/FST/MEF2C/SNAI2/TMEM204/DKK3/FLRT2/ACTA2/CCN1/FGF7/CCL2/VEGFD/HGF/GPC1/GREM2/PPM1A/CXCL8/BMP2/ITGB5/FERMT2/LTBP3/MDM2/SAP30L/DDR2/COL4A2/TNFAIP6/MICOS10-NBL1/ZEB2/JCAD/NRP1/TWSG1/SPHK1/FBN1/FSTL1/NBL1/GDF15/FBN2/TBX2/RGMB/FGFR1/TMEM100/CITED2/COL1A1/VASN/FURIN/NR3C1/COL1A2/GAS1/THBS1/EMILIN1/PDGFRA/PRKD1/COL3A1/FEZ1/WNT5A/IL1B",65
"GO:0048514","blood vessel morphogenesis","61/641","460/12837",0.132608695652174,2.65569083632911,8.29059359636998,1.89880004386584e-12,1.12002076873172e-09,7.7958720447776e-10,"FGF2/ADAMTS1/HSPB1/DCN/MFGE8/HOXA3/GREM1/HMOX1/THY1/TWIST1/AMOTL1/CD36/HAND2/CCL2/HOXB3/C3/VEGFD/ECM1/CHI3L1/ADGRA2/SPARC/CXCL8/MMP14/PTGS2/ADM/COL4A2/FAP/COL4A1/FBLN5/GRN/JAM3/MCAM/RECK/TGFBI/JCAD/NRP1/RSPO3/TCF21/SPHK1/COL8A1/FBN1/SH2D2A/IGFBP7/ARHGAP22/TEK/TBX2/TMEM100/MICALL1/PXDN/LRP1/FOXF1/THBS1/PLK2/EREG/EMILIN1/PDGFRA/PRKD1/COL3A1/IL6/WNT5A/IL1B",61
"GO:0001525","angiogenesis","56/641","417/12837",0.134292565947242,2.68941290025702,8.04041003250368,9.78896728077698e-12,5.05233073779102e-09,3.51666014232187e-09,"FGF2/ADAMTS1/HSPB1/DCN/MFGE8/HOXA3/GREM1/HMOX1/THY1/TWIST1/AMOTL1/CD36/HAND2/CCL2/HOXB3/C3/VEGFD/ECM1/CHI3L1/ADGRA2/SPARC/CXCL8/MMP14/PTGS2/ADM/COL4A2/FAP/COL4A1/FBLN5/GRN/JAM3/MCAM/RECK/TGFBI/JCAD/NRP1/RSPO3/TCF21/SPHK1/COL8A1/FBN1/SH2D2A/IGFBP7/ARHGAP22/TEK/MICALL1/PXDN/THBS1/PLK2/EREG/EMILIN1/PDGFRA/PRKD1/IL6/WNT5A/IL1B",56
"GO:0007169","cell surface receptor protein tyrosine kinase signaling pathway","60/641","472/12837",0.127118644067797,2.54574420264946,7.8441651096368,1.76431595432297e-11,8.09428952822171e-09,5.63400672711225e-09,"FGF2/HSPB1/IGFBP6/AXL/ANTXR1/DCN/PLAT/FBXW7/IGFBP2/GAB2/MTCL2/SOCS2/GREM1/ADORA1/BDNF/INPP5K/APOE/COL4A6/TMEM204/FLRT2/NRG1/FGF7/RHBDF1/SHC4/PLCB1/PDK4/PLAU/VEGFD/HGF/GPC1/BMP2/AREG/MMP14/HRAS/GDNF/DDR2/COL4A2/IGFBP5/CTSD/JCAD/NRP1/GDF15/IGFBP4/TEK/LCK/SORBS1/VAV1/TBX2/FGFR1/CD4/LRP1/SHC3/THBS1/EREG/EMILIN1/PDGFRA/PRKD1/RARRES2/SLC27A4/IL1B",60
"GO:0040017","positive regulation of locomotion","60/641","477/12837",0.125786163522013,2.51905925293616,7.7510373511579,2.74119775796639e-11,1.13184055426432e-08,7.87814331883013e-09,"FGF2/ADAMTS1/HSPB1/TNFRSF18/DUOX2/DAB2/GREM1/HMOX1/THY1/DUOXA2/SNAI2/TWIST1/ACTA2/CCN1/FGF7/CCL2/PLAU/VEGFD/HGF/SYDE1/SPARC/CXCL8/BMP2/MMP14/HRAS/PTGS2/FERMT2/MDM2/DDR2/RIPOR1/TNFAIP6/ATOH8/FBLN1/GRN/IGFBP5/JAM3/MCAM/F10/JCAD/NRP1/SPHK1/LPAR1/PLPP3/ITGA2/TRIP6/FERMT3/SWAP70/CARMIL2/TEK/FGFR1/COL1A1/THBS1/PLK2/PDGFRA/PRKD1/RARRES2/IL6/POPDC1/WNT5A/IL1B",60
"GO:2000147","positive regulation of cell motility","59/641","468/12837",0.126068376068376,2.52471098843954,7.70332681243295,3.70137355231311e-11,1.38936103613644e-08,9.67060715667291e-09,"FGF2/ADAMTS1/HSPB1/TNFRSF18/DUOX2/DAB2/GREM1/HMOX1/THY1/DUOXA2/SNAI2/TWIST1/ACTA2/CCN1/FGF7/CCL2/PLAU/VEGFD/HGF/SYDE1/SPARC/CXCL8/BMP2/MMP14/HRAS/PTGS2/FERMT2/MDM2/DDR2/RIPOR1/TNFAIP6/ATOH8/FBLN1/GRN/IGFBP5/JAM3/MCAM/F10/JCAD/NRP1/SPHK1/LPAR1/PLPP3/ITGA2/TRIP6/FERMT3/SWAP70/CARMIL2/TEK/FGFR1/COL1A1/THBS1/PLK2/PDGFRA/PRKD1/RARRES2/IL6/WNT5A/IL1B",59
"GO:0032963","collagen metabolic process","22/641","82/12837",0.268292682926829,5.37296906510407,9.10706132326716,4.88187146517471e-11,1.6797706066422e-08,1.16919945411278e-08,"CTSL/MRC2/P3H4/MMP14/MMP1/DDR2/UCN/FAP/CTSK/CYGB/MMP12/ITGA2/INHBA/MMP3/COL1A1/FURIN/EMILIN1/MFAP4/SERPINB7/CTSB/MMP10/IL6",22
"GO:0030335","positive regulation of cell migration","57/641","454/12837",0.125550660792952,2.51434295257273,7.53137707178987,9.55694185938455e-11,3.03543176441529e-08,2.11280346728135e-08,"FGF2/ADAMTS1/HSPB1/TNFRSF18/DAB2/GREM1/HMOX1/THY1/SNAI2/TWIST1/ACTA2/CCN1/FGF7/CCL2/PLAU/VEGFD/HGF/SYDE1/SPARC/CXCL8/BMP2/MMP14/HRAS/PTGS2/FERMT2/MDM2/DDR2/RIPOR1/TNFAIP6/ATOH8/FBLN1/GRN/IGFBP5/JAM3/MCAM/F10/JCAD/NRP1/SPHK1/LPAR1/PLPP3/ITGA2/TRIP6/FERMT3/SWAP70/CARMIL2/TEK/FGFR1/COL1A1/THBS1/PLK2/PDGFRA/PRKD1/RARRES2/IL6/WNT5A/IL1B",57
"GO:0009790","embryo development","58/641","470/12837",0.123404255319149,2.47135791814651,7.4502396095946,1.28949263413895e-10,3.80308220454266e-08,2.64712432752101e-08,"FGF2/SCRIB/HOXA3/BASP1/GREM1/CACNA1C/SALL1/LAMA2/COL5A2/PRICKLE2/MEF2C/TWIST1/COL7A1/CYP26B1/GLI3/PLCB1/HAND2/HOXB3/TCAP/FRZB/ARL13B/PITX1/GREM2/SPARC/CXCL8/BMP2/ITGB5/MMP14/GDNF/COL4A2/ATOH8/COL6A1/ITGA8/PBX1/NRP1/TCF21/COL8A1/FBN1/ITGA2/INHBA/TRIP6/LAMA4/FBN2/TBX2/LAMA1/FGFR1/CITED2/COL1A1/ID3/FURIN/FOXF1/GJA1/BLOC1S2/PDGFRA/COL3A1/RARRES2/DACT1/WNT5A",58
"GO:0042060","wound healing","44/641","304/12837",0.144736842105263,2.89857541670088,7.68019569673788,1.58317639224888e-10,4.08558457724728e-08,2.84375928389286e-08,"FGF2/HSPB1/AXL/PLAT/DUOX2/MYL9/ANGPTL2/HMOX1/SAA1/APOE/NRG1/CD36/PLAU/ITGB5/SMPD1/HRAS/FERMT2/DDR2/TFPI2/DCBLD2/FAP/FBLN1/MCAM/PROS1/F10/SYT11/SVEP1/IL6ST/MMP12/ITGA2/TFPI/FERMT3/CARMIL2/LCK/VAV1/CD40LG/THBS1/EREG/EMILIN1/PDGFRA/COL3A1/IL6/CDKN1A/WNT5A",44
"GO:0043410","positive regulation of MAPK cascade","44/641","304/12837",0.144736842105263,2.89857541670088,7.68019569673788,1.58317639224888e-10,4.08558457724728e-08,2.84375928389286e-08,"FGF2/IGFBP6/FBXW7/LRRK2/RASSF2/LIF/NEK10/ADORA1/APOE/EDA2R/MEF2C/NRG1/ACTA2/FGF7/CD36/PLCB1/HAND2/IL27RA/HGF/CHI3L1/GSDME/BMP2/MAP4K1/HRAS/FERMT2/DDR2/CCN2/JCAD/NRP1/GPR37/SPHK1/LPAR1/IL6ST/INHBA/GDF15/TEK/IL11/FGFR1/THBS1/IL13RA2/PDGFRA/IL6/WNT5A/IL1B",44
"GO:0009611","response to wounding","50/641","379/12837",0.131926121372032,2.64202124813225,7.43891121822089,2.52963991825733e-10,6.14404895440267e-08,4.27654743756325e-08,"FGF2/HSPB1/AXL/PLAT/DUOX2/MYL9/ANGPTL2/HMOX1/SAA1/APOE/IL33/NRG1/FGF7/CD36/PLAU/ITGB5/SMPD1/HRAS/FERMT2/DDR2/RIPOR1/TFPI2/DCBLD2/FAP/CCN2/FBLN1/GRN/MCAM/PROS1/F10/SYT11/NRP1/SVEP1/IL6ST/MMP12/ITGA2/TFPI/FERMT3/CARMIL2/LCK/VAV1/CD40LG/THBS1/EREG/EMILIN1/PDGFRA/COL3A1/IL6/CDKN1A/WNT5A",50
"GO:0001501","skeletal system development","36/641","231/12837",0.155844155844156,3.1210162692222,7.45755559165695,9.94989857324478e-10,2.28239617827376e-07,1.5886552337293e-07,"FGF2/FBXW7/HOXA3/LUM/HYAL3/RAB23/GREM1/MEF2C/SNAI2/TWIST1/CDH11/CYP26B1/HAND2/HOXB3/FRZB/PITX1/CHI3L1/WNT2B/BMP2/MMP14/DDR2/TNFRSF11B/FBLN5/TGFBI/FBN1/FBN2/FGFR1/COL1A1/COL1A2/GJA1/SBDS/STC1/PDGFRA/COL3A1/TIMP1/WNT5A",36
"GO:0030199","collagen fibril organization","17/641","58/12837",0.293103448275862,5.86984237990209,8.52149174569034,1.75207729593777e-09,3.80754060785634e-07,2.65022758620404e-07,"LUM/GREM1/COL5A2/COL4A6/COL7A1/P3H4/DDR2/COL4A2/COL4A1/COL4A5/FBN1/ADAMTS19/COL1A1/PXDN/COL1A2/EMILIN1/COL3A1",17
"GO:0043408","regulation of MAPK cascade","54/641","458/12837",0.117903930131004,2.36120553992465,6.80062498373598,3.0563309616336e-09,6.30979527029257e-07,4.39191467955057e-07,"FGF2/SIRPA/IGFBP6/FBXW7/LRRK2/DAB2/RASSF2/LIF/NEK10/ADORA1/APOE/EDA2R/MEF2C/NRG1/ACTA2/CCN1/FGF7/CD36/PLCB1/HAND2/IL27RA/HGF/CHI3L1/GSDME/BMP2/MAP4K1/SMPD1/HRAS/FERMT2/DDR2/RGS2/CCN2/LBH/FBLN1/JCAD/NRP1/GPR37/SPHK1/LPAR1/IL6ST/INHBA/GDF15/TEK/IL11/FGFR1/THBS1/EMILIN1/IL13RA2/FAS/PDGFRA/IL6/DACT1/WNT5A/IL1B",54
"GO:2000146","negative regulation of cell motility","36/641","242/12837",0.148760330578512,2.97915189334846,7.12562370920497,3.62113971230148e-09,6.87595198641521e-07,4.78598641816498e-07,"FGF2/PODN/DCN/MCC/GREM1/HMOX1/THY1/APOE/IL33/MEF2C/CDH11/PLCB1/CCL2/IL27RA/ARHGAP4/SAP30L/DNAI3/NAV3/TNFAIP6/FBLN1/IGFBP5/TP53INP1/MICOS10-NBL1/CYGB/RECK/ZEB2/NBL1/GDF15/CITED2/LRP1/GJA1/THBS1/STC1/EMILIN1/COL3A1/TIMP1",36
"GO:0030336","negative regulation of cell migration","35/641","231/12837",0.151515151515152,3.03432137285491,7.15273378592462,3.66362178980709e-09,6.87595198641521e-07,4.78598641816498e-07,"FGF2/PODN/DCN/MCC/GREM1/HMOX1/THY1/APOE/IL33/MEF2C/CDH11/PLCB1/CCL2/IL27RA/ARHGAP4/SAP30L/DNAI3/NAV3/TNFAIP6/IGFBP5/TP53INP1/MICOS10-NBL1/CYGB/RECK/ZEB2/NBL1/GDF15/CITED2/LRP1/GJA1/THBS1/STC1/EMILIN1/COL3A1/TIMP1",35
"GO:0040013","negative regulation of locomotion","36/641","247/12837",0.145748987854251,2.91884517485963,6.98088859099532,6.32591005423389e-09,1.13563837451877e-06,7.90457793645447e-07,"FGF2/PODN/DCN/MCC/GREM1/HMOX1/THY1/APOE/IL33/MEF2C/CDH11/PLCB1/CCL2/IL27RA/ARHGAP4/SAP30L/DNAI3/NAV3/TNFAIP6/FBLN1/IGFBP5/TP53INP1/MICOS10-NBL1/CYGB/RECK/ZEB2/NBL1/GDF15/CITED2/LRP1/GJA1/THBS1/STC1/EMILIN1/COL3A1/TIMP1",36
"GO:0008207","C21-steroid hormone metabolic process","10/641","21/12837",0.476190476190476,9.53643860040116,8.97522366392758,1.92331605785289e-08,3.15335397221323e-06,2.19488287767223e-06,"DAB2/AKR1C2/DKK3/CACNA1H/AKR1B1/BMP2/ADM/DHRS9/EDNRB/AKR1C1",10
"GO:0007229","integrin-mediated signaling pathway","20/641","92/12837",0.217391304347826,4.35359153496575,7.40064069730063,1.95544451335667e-08,3.15335397221323e-06,2.19488287767223e-06,"ADAMTS1/ISG15/LAMA2/THY1/CCN1/PLAU/ITGA10/ITGB5/FERMT2/ITGA8/NRP1/PLPP3/ITGA2/FERMT3/LAMA1/CD40LG/PRKD1/COL16A1/COL3A1/TIMP1",20
"GO:0007596","blood coagulation","27/641","159/12837",0.169811320754717,3.40072999146381,6.98315476986087,1.98564309221468e-08,3.15335397221323e-06,2.19488287767223e-06,"HSPB1/AXL/PLAT/MYL9/ANGPTL2/SAA1/APOE/CD36/PLAU/TFPI2/FAP/FBLN1/PROS1/F10/SVEP1/IL6ST/ITGA2/TFPI/FERMT3/LCK/VAV1/CD40LG/THBS1/EMILIN1/PDGFRA/COL3A1/IL6",27
"GO:0048598","embryonic morphogenesis","36/641","259/12837",0.138996138996139,2.78360910498196,6.64781505427,2.25266247659132e-08,3.359815051445e-06,2.33858951248224e-06,"FGF2/SCRIB/HOXA3/GREM1/CACNA1C/SALL1/COL5A2/MEF2C/TWIST1/COL7A1/CYP26B1/GLI3/HOXB3/TCAP/PITX1/GREM2/SPARC/ITGB5/MMP14/GDNF/COL4A2/ATOH8/COL6A1/ITGA8/TCF21/COL8A1/FBN1/ITGA2/INHBA/FBN2/TBX2/FOXF1/GJA1/PDGFRA/DACT1/WNT5A",36
"GO:0050817","coagulation","27/641","160/12837",0.16875,3.37947542901716,6.94333519746519,2.27839238170162e-08,3.359815051445e-06,2.33858951248224e-06,"HSPB1/AXL/PLAT/MYL9/ANGPTL2/SAA1/APOE/CD36/PLAU/TFPI2/FAP/FBLN1/PROS1/F10/SVEP1/IL6ST/ITGA2/TFPI/FERMT3/LCK/VAV1/CD40LG/THBS1/EMILIN1/PDGFRA/COL3A1/IL6",27
"GO:0022617","extracellular matrix disassembly","15/641","53/12837",0.283018867924528,5.66788331910635,7.80656008295601,2.70621698046845e-08,3.8530930732256e-06,2.68193424747828e-06,"PLAU/ADAMTS5/MMP14/MMP1/DDR2/FAP/CTSK/RECK/MMP12/CARMIL2/MMP3/FURIN/LRP1/MMP10/IL6",15
"GO:0007599","hemostasis","27/641","163/12837",0.165644171779141,3.31727649474077,6.8257435650105,3.41632961909033e-08,4.70200833240799e-06,3.27281924909653e-06,"HSPB1/AXL/PLAT/MYL9/ANGPTL2/SAA1/APOE/CD36/PLAU/TFPI2/FAP/FBLN1/PROS1/F10/SVEP1/IL6ST/ITGA2/TFPI/FERMT3/LCK/VAV1/CD40LG/THBS1/EMILIN1/PDGFRA/COL3A1/IL6",27
"GO:0007178","cell surface receptor protein serine/threonine kinase signaling pathway","36/641","264/12837",0.136363636363636,2.73088923556942,6.51458783291706,3.72237746359443e-08,4.95796662812303e-06,3.45097827774145e-06,"DAB2/CDKN2B/GREM1/FOXD1/FST/DKK3/CCN1/GREM2/PPM1A/BMP2/ITGB5/FERMT2/LTBP3/SAP30L/TNFAIP6/ATOH8/MICOS10-NBL1/ZEB2/TWSG1/FBN1/FSTL1/INHBA/NBL1/GDF15/FBN2/LTBP1/RGMB/TMEM100/CITED2/VASN/FURIN/LRP1/COL1A2/THBS1/EMILIN1/COL3A1",36
"GO:0050878","regulation of body fluid levels","33/641","231/12837",0.142857142857143,2.86093158012035,6.54309017445997,4.48009416762932e-08,5.7807215056692e-06,4.02365442166954e-06,"HSPB1/AXL/PRKAR2B/PLAT/MYL9/ANGPTL2/INPP5K/SAA1/APOE/CD36/PLAU/CDO1/ADM/TFPI2/FAP/FBLN1/PROS1/F10/SLC29A1/SVEP1/IL6ST/ITGA2/TFPI/FERMT3/EDNRB/LCK/VAV1/CD40LG/THBS1/EMILIN1/PDGFRA/COL3A1/IL6",33
"GO:0050673","epithelial cell proliferation","34/641","247/12837",0.137651821862348,2.75668710958965,6.39094657659393,7.08627904753347e-08,8.86643823856537e-06,6.17145859527676e-06,"FGF2/MCC/FBXW7/DAB2/CDKN2B/HMOX1/APOE/MEF2C/SNAI2/FGF7/CCL2/ECM1/SPARC/AREG/MMP14/HRAS/CEBPB/FAP/ATOH8/GRN/ZEB2/JCAD/NRP1/MMP12/EDNRB/TEK/TBX2/FGFR1/THBS1/EREG/CYBA/PRKD1/IL6/WNT5A",34
"GO:0003013","circulatory system process","43/641","359/12837",0.119777158774373,2.39871979280285,6.16226847072333,8.37867594052529e-08,1.0175162634832e-05,7.08239241186366e-06,"PTGS1/CACNA2D1/KCNJ2/PDE3A/RGS4/ADORA1/CACNA1C/APOE/SLC16A7/CD36/CACNA1H/SCN9A/TCAP/GUCY1B1/FGF13/PTGS2/FERMT2/DMPK/ADM/UCN/SCN2A/RGS2/KCNMA1/SLC29A1/ZEB2/SVEP1/FBN1/ABCC4/EDNRB/TEK/TBX2/ATP2A3/LRP1/COL1A2/GJA1/CYBA/STC1/EMILIN1/TRPA1/RARRES2/SLC27A4/SLC3A2/KCNE5",43
"GO:0006935","chemotaxis","40/641","322/12837",0.124223602484472,2.487766591409,6.19844100642328,8.92254775567126e-08,1.02336665786574e-05,7.12311391211707e-06,"FGF2/SCRIB/HSPB1/GREM1/SAA1/CXCL6/FLRT2/NRG1/CCN1/FGF7/CCL2/PLAU/C3/VEGFD/HGF/ADGRA2/CXCL8/HRAS/GDNF/CXCR6/TNFAIP6/JAM3/MICOS10-NBL1/NRP1/CMTM3/LPAR1/ITGA2/NBL1/SWAP70/EDNRB/FGFR1/CD4/UNC5C/THBS1/SBDS/PDGFRA/PRKD1/RARRES2/IL6/WNT5A",40
"GO:0042330","taxis","40/641","322/12837",0.124223602484472,2.487766591409,6.19844100642328,8.92254775567126e-08,1.02336665786574e-05,7.12311391211707e-06,"FGF2/SCRIB/HSPB1/GREM1/SAA1/CXCL6/FLRT2/NRG1/CCN1/FGF7/CCL2/PLAU/C3/VEGFD/HGF/ADGRA2/CXCL8/HRAS/GDNF/CXCR6/TNFAIP6/JAM3/MICOS10-NBL1/NRP1/CMTM3/LPAR1/ITGA2/NBL1/SWAP70/EDNRB/FGFR1/CD4/UNC5C/THBS1/SBDS/PDGFRA/PRKD1/RARRES2/IL6/WNT5A",40
"GO:0042445","hormone metabolic process","23/641","130/12837",0.176923076923077,3.54315372614905,6.68125326997696,1.02666055720302e-07,1.12321221852582e-05,7.81808603841653e-06,"RDH10/DUOX2/DAB2/AKR1C2/DUOXA2/DKK3/CYP26B1/CACNA1H/CTSL/AKR1B1/BMP2/ADM/PAPSS2/DHRS9/HSD17B2/CTSK/EDNRB/CES2/DIO2/FURIN/AKR1C1/CPQ/CTSB",23
"GO:0060485","mesenchyme development","31/641","216/12837",0.143518518518519,2.87417663373202,6.36833164766141,1.03371432075517e-07,1.12321221852582e-05,7.81808603841653e-06,"DAB2/BASP1/GREM1/ACTG2/MCRIP1/FOXD1/MEF2C/SNAI2/TWIST1/NRG1/ACTA2/HAND2/ADAMTS5/FRZB/HGF/BMP2/FERMT2/RBM24/GDNF/NRP1/TCF21/TBX2/FGFR1/CITED2/COL1A1/VASN/FOXF1/IL6/MAD2L2/WNT5A/IL1B",31
"GO:0007507","heart development","39/641","317/12837",0.123028391167192,2.46383066679134,6.04997345374363,1.67713195262198e-07,1.75604337760301e-05,1.22228889490809e-05,"FGF2/HEG1/BASP1/RGS4/GREM1/CACNA1C/SALL1/PCNA/POPDC3/MEF2C/SNAI2/TWIST1/FLRT2/CDH11/NRG1/HAND2/ADAMTS5/TCAP/BMP2/RBM24/RGS2/NRP1/PDLIM3/FBN1/MSC/INHBA/AKAP6/ADAMTS19/TEK/TBX2/CITED2/FOXF1/GJA1/EMILIN1/PDGFRA/COL3A1/CDKN1A/POPDC1/WNT5A",39
"GO:0061061","muscle structure development","48/641","434/12837",0.110599078341014,2.21491477170608,5.90285977586076,1.74051572620173e-07,1.75604337760301e-05,1.22228889490809e-05,"SIRT2/MYL9/BASP1/RGS4/GREM1/BDNF/LAMA2/POPDC3/FLNC/MEF2C/TMEM204/TWIST1/SGCB/NRG1/CYP26B1/PLCB1/CACNA1H/ADAMTS5/TCAP/CFL2/GPC1/BMP2/MMP14/RBM24/DMPK/ADM/MDM2/PLEKHO1/RCAN1/RGS2/CAVIN4/COL6A1/ITGA8/TCF21/PDLIM3/MSC/AKAP6/EDNRB/TBX2/FHL1/LAMA1/ID3/EREG/BOC/PDGFRA/PRKD1/COL3A1/POPDC1",48
"GO:0010955","negative regulation of protein processing","8/641","15/12837",0.533333333333333,10.6808112324493,8.60032090055019,1.74370982033721e-07,1.75604337760301e-05,1.22228889490809e-05,"PLAT/LRRK2/PLAU/MDM2/FURIN/GAS1/THBS1/PRNP",8
"GO:0141091","transforming growth factor beta receptor superfamily signaling pathway","33/641","245/12837",0.13469387755102,2.69744977554204,6.14989610492968,1.85831411522171e-07,1.82689975755962e-05,1.27160827246959e-05,"DAB2/CDKN2B/GREM1/FOXD1/FST/DKK3/CCN1/GREM2/PPM1A/BMP2/ITGB5/FERMT2/LTBP3/SAP30L/TNFAIP6/MICOS10-NBL1/ZEB2/TWSG1/FBN1/FSTL1/INHBA/NBL1/GDF15/FBN2/RGMB/TMEM100/CITED2/VASN/FURIN/COL1A2/THBS1/EMILIN1/COL3A1",33
"GO:0010817","regulation of hormone levels","38/641","311/12837",0.122186495176849,2.44697041900969,5.92200547696582,2.88909281743135e-07,2.76824047163229e-05,1.92682574363845e-05,"RDH10/CACNA2D1/DUOX2/DAB2/AKR1C2/LIF/ADORA1/FOXD1/DUOXA2/DKK3/CYP26B1/CACNA1H/CTSL/AKR1B1/ABCA12/BMP2/ADM/UCN/PAPSS2/DHRS9/HSD17B2/CTSK/IL6ST/INHBA/EDNRB/IL11/CES2/DIO2/FURIN/GJA1/AKR1C1/TRPA1/CPQ/PRKD1/CTSB/IL6/SLC3A2/IL1B",38
"GO:0071560","cellular response to transforming growth factor beta stimulus","29/641","203/12837",0.142857142857143,2.86093158012035,6.12693326163676,2.9499292989058e-07,2.76824047163229e-05,1.92682574363845e-05,"PDE3A/DAB2/CDKN2B/MEF2C/DKK3/ACTA2/PPM1A/BMP2/ITGB5/FERMT2/LTBP3/SAP30L/DDR2/COL4A2/ZEB2/TWSG1/FBN1/GDF15/FBN2/CITED2/COL1A1/VASN/FURIN/NR3C1/COL1A2/THBS1/EMILIN1/COL3A1/WNT5A",29
"GO:0030574","collagen catabolic process","11/641","33/12837",0.333333333333333,6.67550702028081,7.48383085943296,3.1232154172106e-07,2.86572365725835e-05,1.99467863198432e-05,"CTSL/MRC2/MMP14/MMP1/FAP/CTSK/MMP12/MMP3/FURIN/CTSB/MMP10",11
"GO:1903318","negative regulation of protein maturation","8/641","16/12837",0.5,10.0132605304212,8.27020218376735,3.33501848214216e-07,2.99354158973152e-05,2.08364593280653e-05,"PLAT/LRRK2/PLAU/MDM2/FURIN/GAS1/THBS1/PRNP",8
"GO:0008285","negative regulation of cell population proliferation","49/641","460/12837",0.106521739130435,2.13325985213322,5.67460824627726,4.04638507409482e-07,3.55479233424202e-05,2.47430288412313e-05,"ADAMTS1/SCRIB/PODN/IGFBP6/MCC/FTH1/FBXW7/SIRT2/DAB2/CDKN2B/KANK2/TMEM127/GREM1/HMOX1/ADORA1/SLC4A2/APOE/IL33/MEF2C/SNAI2/CCL2/FRZB/LDOC1/H2AC6/SPARC/GSDME/CXCL8/BMP2/CNN1/HRAS/CEBPB/FAP/ATOH8/FBLN1/IGFBP5/TP53INP1/TWSG1/IL6ST/IGFBP7/INHBA/PPM1D/THBS1/EREG/RGS5/PRNP/IL6/CDKN1A/WNT5A/IL1B",49
"GO:0150076","neuroinflammatory response","14/641","56/12837",0.25,5.00663026521061,6.88852159889833,4.29622146021702e-07,3.69564550192419e-05,2.57234332256921e-05,"CLU/LRRK2/IL33/IFNGR1/PTGS2/GRN/SYT11/ZEB2/SPHK1/MMP3/NR3C1/LRP1/IL6/IL1B",14
"GO:0071396","cellular response to lipid","47/641","436/12837",0.107798165137615,2.15882222444861,5.64373830524707,4.98398348164243e-07,4.19976893789828e-05,2.92323697662868e-05,"SIRPA/AXL/PDE3A/DAB2/KANK2/AKR1C2/IL18RAP/MEF2C/SNAI2/CXCL6/CD36/CYP26B1/PLCB1/HAND2/CCL2/PDK4/VPS18/LDOC1/CSF3/CXCL8/MAP4K1/CACTIN/CEBPB/LBH/GNAI1/CASP1/NFKBIB/TCF21/LPAR1/ITGA2/IGFBP7/INHBA/TFPI/EDNRB/TBX2/LY96/CD4/MMP3/COL1A1/NR3C1/CYBA/STC1/AKR1C1/PRKD1/IL6/WNT5A/IL1B",47
"GO:0090287","regulation of cellular response to growth factor stimulus","30/641","220/12837",0.136363636363636,2.73088923556942,5.93659917042719,5.14050458158322e-07,4.20978367829481e-05,2.9302077076073e-05,"FGF2/DCN/CDKN2B/GREM1/FOXD1/FST/TMEM204/DKK3/CCN1/GPC1/GREM2/PPM1A/BMP2/SAP30L/TNFAIP6/MICOS10-NBL1/ZEB2/JCAD/NRP1/TWSG1/FBN1/FSTL1/NBL1/GDF15/FBN2/CITED2/VASN/THBS1/EMILIN1/IL1B",30
"GO:0008015","blood circulation","36/641","293/12837",0.122866894197952,2.46059644433559,5.79803973991734,5.1997812446848e-07,4.20978367829481e-05,2.9302077076073e-05,"PTGS1/CACNA2D1/KCNJ2/PDE3A/RGS4/ADORA1/CACNA1C/APOE/CACNA1H/SCN9A/TCAP/GUCY1B1/FGF13/PTGS2/FERMT2/DMPK/ADM/UCN/SCN2A/RGS2/KCNMA1/ZEB2/SVEP1/FBN1/EDNRB/TEK/TBX2/ATP2A3/COL1A2/GJA1/CYBA/STC1/EMILIN1/TRPA1/RARRES2/KCNE5",36
"GO:0071559","response to transforming growth factor beta","29/641","209/12837",0.138755980861244,2.77879957303555,5.94385264337383,5.50697035776408e-07,4.3727462706169e-05,3.04363734688683e-05,"PDE3A/DAB2/CDKN2B/MEF2C/DKK3/ACTA2/PPM1A/BMP2/ITGB5/FERMT2/LTBP3/SAP30L/DDR2/COL4A2/ZEB2/TWSG1/FBN1/GDF15/FBN2/CITED2/COL1A1/VASN/FURIN/NR3C1/COL1A2/THBS1/EMILIN1/COL3A1/WNT5A",29
"GO:0002686","negative regulation of leukocyte migration","11/641","36/12837",0.305555555555556,6.11921476859074,7.05127760237798,8.45175594548646e-07,6.58439628281388e-05,4.58304991710573e-05,"GREM1/HMOX1/IL33/PLCB1/CCL2/IL27RA/TNFAIP6/MICOS10-NBL1/NBL1/GDF15/EMILIN1",11
"GO:0001649","osteoblast differentiation","24/641","159/12837",0.150943396226415,3.02287110352339,5.88405278628186,1.13965830265481e-06,8.71416505863278e-05,6.06546929045788e-05,"IGFBP2/GREM1/MEF2C/SNAI2/TWIST1/CCN1/HGF/MRC2/BCAP29/BMP2/AREG/FERMT2/FZD1/DNAI3/DDR2/TNFAIP6/CCN2/IGFBP5/COL6A1/IL6ST/FBN2/COL1A1/PRKD1/IL6",24
"GO:0040007","growth","50/641","494/12837",0.101214574898785,2.02697581587474,5.33640137822778,1.41714752057482e-06,0.000106072361230974,7.38313590899288e-05,"FGF2/DAB2/BASP1/RGS4/SOCS2/BDNF/SALL1/APOE/MEF2C/NRG1/FGF7/SESN2/PLCB1/ARHGAP4/FRZB/MT2A/FGF13/ZC3H12D/MMP14/DDR2/UCN/RGS2/TNFAIP6/DCBLD2/LRP12/FBLN5/IGFBP5/LIN7A/TRPV2/NRP1/SPHK1/OSGIN1/WFDC1/IGFBP7/INHBA/AKAP6/GDF15/KRT17/TBX2/FHL1/SYT1/GAS1/GJA1/EREG/CYBA/STC1/CPQ/COL3A1/MAD2L2/CDKN1A",50
"GO:0000302","response to reactive oxygen species","23/641","150/12837",0.153333333333333,3.07073322932917,5.84824385894118,1.43861763839538e-06,0.000106072361230974,7.38313590899288e-05,"SIRPA/LRRK2/HMOX1/IL18RAP/PCNA/APOE/SESN2/CD36/HGF/AREG/TXNIP/MDM2/DDR2/FBLN5/PLK3/SOD3/CYGB/GPR37/MMP3/COL1A1/TRPA1/PDGFRA/IL6",23
"GO:0003012","muscle system process","37/641","319/12837",0.115987460815047,2.32282532680618,5.48485979283505,1.49344587423671e-06,0.000106381193286297,7.40463207454479e-05,"CACNA2D1/KCNJ2/MYL9/RGS4/HMOX1/ADORA1/CACNA1C/TPM2/APBB1/ACTA2/HAND2/CACNA1H/SCN9A/TCAP/CNN1/FGF13/DMPK/GDNF/UCN/SCN2A/RGS2/IGFBP5/KCNMA1/GNAI1/SPHK1/IL6ST/ITGA2/AKAP6/EDNRB/CALD1/GJA1/CYBA/STC1/TRPA1/PRKD1/KCNE5/IL1B",37
"GO:0044057","regulation of system process","38/641","332/12837",0.114457831325301,2.2921921696145,5.46876749779371,1.49433499893563e-06,0.000106381193286297,7.40463207454479e-05,"CACNA2D1/KCNJ2/LRRK2/MYL9/DAB2/RGS4/ADORA1/CACNA1C/INPP5K/APOE/HAND2/CACNA1H/TSHZ3/CNN1/FGF13/DMPK/ADM/UCN/RGS2/IGFBP5/GNAI1/SPHK1/SVEP1/IL6ST/ITGA2/INHBA/AKAP6/EDNRB/TBX2/TMEM100/NALF1/ATP2A3/GJA1/CYBA/STC1/TRPA1/PRKD1/KCNE5",38
"GO:0061900","glial cell activation","11/641","38/12837",0.289473684210526,5.79715083340176,6.78925801704558,1.54481676348281e-06,0.000108110990108822,7.52503408018921e-05,"CLU/LRRK2/IL33/IFNGR1/GRN/SYT11/ZEB2/SPHK1/LRP1/IL6/IL1B",11
"GO:0042742","defense response to bacterium","24/641","163/12837",0.147239263803681,2.94869021754735,5.74003997486313,1.79626758264042e-06,0.000121314801777495,8.44408155811117e-05,"H2BC5/COLEC12/ISG15/IL18RAP/IL33/CXCL6/PI3/IGHG2/H2BC12/ADM/CEBPB/GRN/IGHG1/CASP1/SYT11/MR1/H2BC11/CYBA/IGHM/EMILIN1/PRKD1/RARRES2/IL6/IL1B",24
"GO:0007268","chemical synaptic transmission","44/641","415/12837",0.106024096385542,2.12329379922185,5.3328185689023,1.82163180193864e-06,0.000121314801777495,8.44408155811117e-05,"SCRIB/PRKAR2B/PLAT/NSG1/LRRK2/RGS4/ADORA1/BDNF/CLMP/CNRIP1/APOE/SQSTM1/MEF2C/CDH11/PLCB1/CCL2/VPS18/LPAR3/INA/TSHZ3/GDNF/MDM2/UCN/MAP1A/GRIK1/LIN7A/SYT11/SLC29A1/NCDN/GPR176/SNCG/BEST1/RASGRF2/CNIH2/BRSK1/SV2A/SYT1/NR3C1/PLK2/STXBP5/PLCL1/PRNP/WNT5A/IL1B",44
"GO:0098916","anterograde trans-synaptic signaling","44/641","415/12837",0.106024096385542,2.12329379922185,5.3328185689023,1.82163180193864e-06,0.000121314801777495,8.44408155811117e-05,"SCRIB/PRKAR2B/PLAT/NSG1/LRRK2/RGS4/ADORA1/BDNF/CLMP/CNRIP1/APOE/SQSTM1/MEF2C/CDH11/PLCB1/CCL2/VPS18/LPAR3/INA/TSHZ3/GDNF/MDM2/UCN/MAP1A/GRIK1/LIN7A/SYT11/SLC29A1/NCDN/GPR176/SNCG/BEST1/RASGRF2/CNIH2/BRSK1/SV2A/SYT1/NR3C1/PLK2/STXBP5/PLCL1/PRNP/WNT5A/IL1B",44
"GO:0090092","regulation of transmembrane receptor protein serine/threonine kinase signaling pathway","27/641","198/12837",0.136363636363636,2.73088923556942,5.62704873310155,1.90419768428817e-06,0.000124800511721045,8.68670338677515e-05,"DAB2/CDKN2B/GREM1/FOXD1/FST/DKK3/CCN1/GREM2/PPM1A/BMP2/SAP30L/TNFAIP6/ATOH8/MICOS10-NBL1/ZEB2/TWSG1/FBN1/FSTL1/INHBA/NBL1/GDF15/FBN2/CITED2/VASN/LRP1/THBS1/EMILIN1",27
"GO:0042692","muscle cell differentiation","33/641","272/12837",0.121323529411765,2.42968821694044,5.46361016734238,2.05935774904168e-06,0.000132860752278017,9.24773409072746e-05,"MYL9/RGS4/GREM1/BDNF/LAMA2/POPDC3/FLNC/MEF2C/TMEM204/NRG1/CYP26B1/CACNA1H/ADAMTS5/TCAP/BMP2/MMP14/RBM24/DMPK/ADM/MDM2/PLEKHO1/RCAN1/RGS2/COL6A1/ITGA8/AKAP6/EDNRB/TBX2/LAMA1/EREG/PDGFRA/PRKD1/POPDC1",33
"GO:0099536","synaptic signaling","46/641","445/12837",0.103370786516854,2.07015723325562,5.26734852734438,2.1328371340642e-06,0.000135484377331555,9.430350750899e-05,"SCRIB/PRKAR2B/PLAT/NSG1/LRRK2/RGS4/ADORA1/BDNF/CLMP/CNRIP1/APOE/SQSTM1/MEF2C/CDH11/PLCB1/CCL2/VPS18/LPAR3/DRP2/INA/TSHZ3/GDNF/MDM2/UCN/MAP1A/GRIK1/LIN7A/SYT11/SLC29A1/NCDN/GPR176/SNCG/BEST1/RASGRF2/CNIH2/BRSK1/SV2A/SYT1/NR3C1/PLK2/STXBP5/PLCL1/PRNP/LYNX1/WNT5A/IL1B",46
"GO:0045765","regulation of angiogenesis","30/641","237/12837",0.126582278481013,2.53500266592942,5.46805904682687,2.50605709518528e-06,0.000156780450697273,0.000109126577549319,"FGF2/ADAMTS1/HSPB1/DCN/GREM1/HMOX1/TWIST1/CD36/C3/ECM1/CHI3L1/ADGRA2/SPARC/CXCL8/ADM/COL4A2/FBLN5/GRN/RECK/JCAD/NRP1/SPHK1/TEK/THBS1/PLK2/EMILIN1/PRKD1/IL6/WNT5A/IL1B",30
"GO:0099537","trans-synaptic signaling","44/641","421/12837",0.104513064133017,2.09303307999303,5.22779637045737,2.66976755418982e-06,0.000162779385871366,0.000113302118961386,"SCRIB/PRKAR2B/PLAT/NSG1/LRRK2/RGS4/ADORA1/BDNF/CLMP/CNRIP1/APOE/SQSTM1/MEF2C/CDH11/PLCB1/CCL2/VPS18/LPAR3/INA/TSHZ3/GDNF/MDM2/UCN/MAP1A/GRIK1/LIN7A/SYT11/SLC29A1/NCDN/GPR176/SNCG/BEST1/RASGRF2/CNIH2/BRSK1/SV2A/SYT1/NR3C1/PLK2/STXBP5/PLCL1/PRNP/WNT5A/IL1B",44
"GO:0050804","modulation of chemical synaptic transmission","34/641","288/12837",0.118055555555556,2.36424206968279,5.36807139477683,2.68079395477183e-06,0.000162779385871366,0.000113302118961386,"PRKAR2B/PLAT/NSG1/LRRK2/RGS4/ADORA1/BDNF/CLMP/CNRIP1/APOE/SQSTM1/MEF2C/CDH11/PLCB1/CCL2/VPS18/INA/TSHZ3/MDM2/UCN/MAP1A/GRIK1/SYT11/NCDN/BEST1/RASGRF2/BRSK1/SYT1/PLK2/STXBP5/PLCL1/PRNP/WNT5A/IL1B",34
"GO:0009612","response to mechanical stimulus","22/641","145/12837",0.151724137931034,3.03850664371402,5.65934619770898,2.90590321214463e-06,0.000173890932796307,0.000121036278939908,"FGF2/KCNJ2/IGFBP2/XPC/SCN9A/TCAP/CHI3L1/TXNIP/MMP14/DDR2/UCN/RCAN1/CASP1/FBN1/ITGA2/TEK/COL1A1/THBS1/CYBA/FAS/TRPA1/IL1B",22
"GO:0099177","regulation of trans-synaptic signaling","34/641","290/12837",0.117241379310345,2.34793695196084,5.32272207529995,3.13078161216825e-06,0.000184671389666324,0.000128539984646907,"PRKAR2B/PLAT/NSG1/LRRK2/RGS4/ADORA1/BDNF/CLMP/CNRIP1/APOE/SQSTM1/MEF2C/CDH11/PLCB1/CCL2/VPS18/INA/TSHZ3/MDM2/UCN/MAP1A/GRIK1/SYT11/NCDN/BEST1/RASGRF2/BRSK1/SYT1/PLK2/STXBP5/PLCL1/PRNP/WNT5A/IL1B",34
"GO:0050900","leukocyte migration","32/641","265/12837",0.120754716981132,2.41829688281871,5.34838990374851,3.25197386345622e-06,0.000189118311017052,0.000131635251342963,"SIRPA/TNFRSF18/GREM1/HMOX1/SAA1/THY1/IL33/CXCL6/PLCB1/CCL2/IL27RA/C3/VEGFD/CXCL8/MMP14/TNFAIP6/JAM3/GNAI1/MICOS10-NBL1/ITGA2/NBL1/GDF15/SWAP70/EDNRB/LCK/CD4/THBS1/SBDS/EMILIN1/RARRES2/IL6/WNT5A",32
"GO:0043542","endothelial cell migration","26/641","192/12837",0.135416666666667,2.71192472698908,5.47912266686578,3.35882538242542e-06,0.000189299562619893,0.000131761410994918,"FGF2/HSPB1/DCN/GREM1/HMOX1/APOE/MEF2C/ADGRA2/SPARC/PTGS2/FAP/ATOH8/GRN/ZEB2/JCAD/NRP1/PLPP3/FSTL1/TEK/FGFR1/MICALL1/THBS1/PLK2/STC1/PRKD1/WNT5A",26
"GO:0050678","regulation of epithelial cell proliferation","28/641","216/12837",0.12962962962963,2.59603050788698,5.42320900339595,3.39173833300174e-06,0.000189299562619893,0.000131761410994918,"FGF2/MCC/FBXW7/DAB2/CDKN2B/HMOX1/APOE/MEF2C/SNAI2/FGF7/CCL2/ECM1/SPARC/AREG/HRAS/ATOH8/GRN/JCAD/NRP1/MMP12/EDNRB/TEK/FGFR1/THBS1/EREG/CYBA/PRKD1/WNT5A",28
"GO:0032905","transforming growth factor beta1 production","7/641","15/12837",0.466666666666667,9.34570982839314,7.41423223153758,3.39262960374717e-06,0.000189299562619893,0.000131761410994918,"LUM/CHI3L1/FURIN/THBS1/IL13RA2/SERPINB7/COL3A1",7
"GO:0098869","cellular oxidant detoxification","14/641","66/12837",0.212121212121212,4.24804992199688,6.0648124072623,3.6050330929266e-06,0.000198469088542586,0.00013814383289282,"PTGS1/DUOX2/SRXN1/APOE/SESN2/CD36/TXNRD1/PTGS2/ALOX5AP/FBLN5/SOD3/TP53INP1/CYGB/PXDN",14
"GO:0060537","muscle tissue development","27/641","205/12837",0.131707317073171,2.63763935923291,5.41868993542363,3.73578214437704e-06,0.000202961111501748,0.00014127049243249,"FGF2/SIRT2/RGS4/GREM1/POPDC3/MEF2C/TWIST1/NRG1/CYP26B1/TCAP/CFL2/GPC1/BMP2/RBM24/RCAN1/RGS2/IGFBP5/COL6A1/ITGA8/TCF21/MSC/AKAP6/TBX2/GJA1/PDGFRA/COL3A1/POPDC1",27
"GO:1901342","regulation of vasculature development","30/641","242/12837",0.12396694214876,2.48262657779038,5.33796275571686,3.85717186664165e-06,0.000206834579706018,0.000143966608730779,"FGF2/ADAMTS1/HSPB1/DCN/GREM1/HMOX1/TWIST1/CD36/C3/ECM1/CHI3L1/ADGRA2/SPARC/CXCL8/ADM/COL4A2/FBLN5/GRN/RECK/JCAD/NRP1/SPHK1/TEK/THBS1/PLK2/EMILIN1/PRKD1/IL6/WNT5A/IL1B",30
"GO:0048660","regulation of smooth muscle cell proliferation","18/641","105/12837",0.171428571428571,3.43311789614442,5.73911132051043,3.98886797839989e-06,0.000211154306189912,0.000146973341809043,"FGF2/ADAMTS1/HMOX1/APOE/MEF2C/BMP2/CNN1/MDM2/DDR2/IGFBP5/ITGA2/GJA1/THBS1/EREG/CYBA/RGS5/IL6/CDKN1A",18
"GO:0030855","epithelial cell differentiation","40/641","375/12837",0.106666666666667,2.13616224648986,5.11914316606757,4.65706464465675e-06,0.000243405315415035,0.000169421563150394,"FGF2/SCRIB/S1PR3/DAB2/BASP1/ZEB1/AKR1C2/LIF/GREM1/SALL1/PCNA/MEF2C/NRG1/ACTA2/PLCB1/PI3/ABCA12/BMP2/TXNIP/GDNF/CEBPB/ATOH8/COL4A1/LBH/DHRS9/ZEB2/NRP1/TCF21/IL6ST/FBN1/ITGA2/FSTL1/KRT17/TMEM100/EREG/STC1/AKR1C1/CTSB/WNT5A/IL1B",40
"GO:0007160","cell-matrix adhesion","25/641","184/12837",0.135869565217391,2.72099470935359,5.39047273647636,4.86650192895962e-06,0.000251172330808428,0.000174827771666088,"GREM1/THY1/CDH11/CD36/PLAU/ITGA10/ITGB5/MMP14/FERMT2/FBLN5/ITGA8/NRP1/SVEP1/MMP12/ACER2/PLPP3/ITGA2/TRIP6/FERMT3/TEK/SORBS1/THBS1/EMILIN1/COL16A1/COL3A1",25
"GO:0050920","regulation of chemotaxis","22/641","150/12837",0.146666666666667,2.93722308892356,5.47117942221194,5.13645034900536e-06,0.00026183214186473,0.000182247502204704,"FGF2/HSPB1/GREM1/CCL2/VEGFD/ADGRA2/CXCL8/TNFAIP6/JAM3/MICOS10-NBL1/NRP1/LPAR1/ITGA2/NBL1/SWAP70/FGFR1/THBS1/PDGFRA/PRKD1/RARRES2/IL6/WNT5A",22
"GO:0010712","regulation of collagen metabolic process","10/641","35/12837",0.285714285714286,5.7218631602407,6.4127405435828,5.29641986882257e-06,0.000266694117541078,0.000185631666259139,"DDR2/UCN/FAP/CYGB/ITGA2/INHBA/EMILIN1/MFAP4/SERPINB7/IL6",10
"GO:0010595","positive regulation of endothelial cell migration","17/641","97/12837",0.175257731958763,3.50980266014764,5.68821351051884,5.40870660625392e-06,0.000269066862376174,0.000187283208413153,"FGF2/HSPB1/GREM1/HMOX1/SPARC/PTGS2/ATOH8/GRN/JCAD/NRP1/PLPP3/TEK/FGFR1/THBS1/PLK2/PRKD1/WNT5A",17
"GO:0001503","ossification","31/641","259/12837",0.11969111969112,2.39699672929002,5.2068448528323,5.55840602518924e-06,0.000273222124738171,0.000190175466716836,"IGFBP2/GREM1/ISG15/MEF2C/SNAI2/TWIST1/CDH11/CCN1/HGF/MRC2/ECM1/BCAP29/BMP2/AREG/MMP14/FERMT2/FZD1/DNAI3/DDR2/TNFAIP6/CCN2/IGFBP5/COL6A1/IL6ST/FBN2/COL1A1/SBDS/STC1/PRKD1/IL6/WNT5A",31
"GO:0048659","smooth muscle cell proliferation","18/641","108/12837",0.166666666666667,3.33775351014041,5.59304886147032,6.02491383478258e-06,0.000292669049691968,0.000203711442373418,"FGF2/ADAMTS1/HMOX1/APOE/MEF2C/BMP2/CNN1/MDM2/DDR2/IGFBP5/ITGA2/GJA1/THBS1/EREG/CYBA/RGS5/IL6/CDKN1A",18
"GO:0045667","regulation of osteoblast differentiation","16/641","88/12837",0.181818181818182,3.6411856474259,5.69950796909747,6.23267114917701e-06,0.000296418888426485,0.000206321506738202,"GREM1/MEF2C/SNAI2/TWIST1/CCN1/HGF/AREG/FERMT2/FZD1/DNAI3/DDR2/TNFAIP6/IL6ST/FBN2/PRKD1/IL6",16
"GO:0051147","regulation of muscle cell differentiation","17/641","98/12837",0.173469387755102,3.47398834728899,5.63609337889613,6.24568740448153e-06,0.000296418888426485,0.000206321506738202,"RGS4/BDNF/LAMA2/MEF2C/NRG1/CYP26B1/BMP2/MMP14/RBM24/DMPK/MDM2/RCAN1/RGS2/AKAP6/LAMA1/EREG/PRKD1",17
"GO:0007517","muscle organ development","24/641","175/12837",0.137142857142857,2.74649431691553,5.33298310288045,6.38072772306139e-06,0.000299386645096824,0.000208387205152723,"SIRT2/BASP1/LAMA2/POPDC3/MEF2C/TWIST1/SGCB/NRG1/CYP26B1/CACNA1H/TCAP/CFL2/GPC1/BMP2/RBM24/RCAN1/CAVIN4/COL6A1/TCF21/MSC/FHL1/ID3/COL3A1/POPDC1",24
"GO:0002685","regulation of leukocyte migration","23/641","164/12837",0.140243902439024,2.80859746584985,5.34391185045513,6.79602051069379e-06,0.000315289535827581,0.000219456366077252,"TNFRSF18/GREM1/HMOX1/THY1/IL33/PLCB1/CCL2/IL27RA/VEGFD/CXCL8/MMP14/TNFAIP6/JAM3/MICOS10-NBL1/ITGA2/NBL1/GDF15/SWAP70/THBS1/EMILIN1/RARRES2/IL6/WNT5A",23
"GO:0060326","cell chemotaxis","28/641","226/12837",0.123893805309735,2.48116190134331,5.15011765180568,8.17170892748546e-06,0.000374899846239861,0.000260947949581532,"FGF2/HSPB1/GREM1/SAA1/CXCL6/CCL2/C3/VEGFD/HGF/CXCL8/CXCR6/TNFAIP6/JAM3/MICOS10-NBL1/NRP1/LPAR1/NBL1/SWAP70/EDNRB/FGFR1/CD4/THBS1/SBDS/PDGFRA/PRKD1/RARRES2/IL6/WNT5A",28
"GO:0040008","regulation of growth","40/641","384/12837",0.104166666666667,2.08609594383775,4.95372588330471,8.27328072707397e-06,0.000375388748594378,0.000261288248646033,"FGF2/DAB2/BASP1/RGS4/SOCS2/BDNF/APOE/MEF2C/NRG1/SESN2/PLCB1/ARHGAP4/FRZB/MT2A/FGF13/ZC3H12D/MMP14/UCN/RGS2/DCBLD2/LRP12/IGFBP5/LIN7A/TRPV2/NRP1/SPHK1/OSGIN1/WFDC1/IGFBP7/INHBA/AKAP6/GDF15/KRT17/TBX2/FHL1/SYT1/GJA1/CYBA/MAD2L2/CDKN1A",40
"GO:0042327","positive regulation of phosphorylation","26/641","203/12837",0.12807881773399,2.56497314079755,5.15251935769749,9.40824576543675e-06,0.00041719492304467,0.000290387315002203,"FGF2/PRKAR2B/TNFRSF18/RASSF2/LIF/NEK10/NRG1/FGF7/SESN2/C3/AGAP2/BMP2/AREG/FAXDC2/DDR2/NRP1/IL4R/IL11/FGFR1/THBS1/EREG/RARRES2/IL6/MAD2L2/CDKN1A/WNT5A",26
"GO:0051896","regulation of phosphatidylinositol 3-kinase/protein kinase B signal transduction","26/641","203/12837",0.12807881773399,2.56497314079755,5.15251935769749,9.40824576543675e-06,0.00041719492304467,0.000290387315002203,"FGF2/AXL/DCN/AKR1C2/ADORA1/INPP5K/TWIST1/HGF/CSF3/CHI3L1/FERMT2/DDR2/PLK3/PROS1/GDF15/TEK/VAV1/LAMA1/FGFR1/MMP3/THBS1/PDGFRA/PRKD1/PHLDA3/WNT5A/IL1B",26
"GO:0044706","multi-multicellular organism process","17/641","101/12837",0.168316831683168,3.37080057459724,5.48370832199788,9.49777737132453e-06,0.00041719492304467,0.000290387315002203,"TRO/PAPPA/IGFBP2/HYAL3/SYDE1/UCN/RGS2/FBLN1/IGFBP5/ITGA2/IGFBP7/FBN2/GJA1/STC1/COL16A1/TIMP1/IL1B",17
"GO:0150077","regulation of neuroinflammatory response","9/641","30/12837",0.3,6.00795631825273,6.29553460989404,1.01383568031231e-05,0.000440645002527319,0.0003067096747468,"LRRK2/IL33/PTGS2/GRN/SYT11/SPHK1/MMP3/IL6/IL1B",9
"GO:0048565","digestive tract development","12/641","54/12837",0.222222222222222,4.45033801352054,5.82474999313253,1.07744199097997e-05,0.000455275726304442,0.000316893347556555,"SALL1/CLMP/SLC4A2/GLI3/CXCL8/TCF21/IL6ST/EDNRB/FOXF1/PDGFRA/RARRES2/DACT1",12
"GO:0051153","regulation of striated muscle cell differentiation","12/641","54/12837",0.222222222222222,4.45033801352054,5.82474999313253,1.07744199097997e-05,0.000455275726304442,0.000316893347556555,"RGS4/BDNF/MEF2C/NRG1/CYP26B1/BMP2/MMP14/RBM24/DMPK/RGS2/AKAP6/PRKD1",12
"GO:0006590","thyroid hormone generation","6/641","12/12837",0.5,10.0132605304212,7.16108818538437,1.08057692365791e-05,0.000455275726304442,0.000316893347556555,"DUOX2/DUOXA2/CTSK/DIO2/CPQ/CTSB",6
"GO:0031589","cell-substrate adhesion","31/641","268/12837",0.115671641791045,2.31650057047058,4.99313429140416,1.11784471617377e-05,0.00046622028616985,0.000324511276677078,"ANTXR1/DAB2/GREM1/THY1/CDH11/CD36/PLAU/ITGA10/ITGB5/MMP14/FERMT2/FBLN5/FBLN1/ITGA8/NRP1/SVEP1/MMP12/ACER2/PLPP3/ITGA2/TRIP6/FERMT3/UNC13D/TEK/SORBS1/THBS1/EMILIN1/CCDC80/COL16A1/COL3A1/POPDC1",31
"GO:0051897","positive regulation of phosphatidylinositol 3-kinase/protein kinase B signal transduction","21/641","146/12837",0.143835616438356,2.88052700190199,5.23893778077051,1.14143582525126e-05,0.000467719975033449,0.000325555130756751,"FGF2/AXL/DCN/AKR1C2/ADORA1/HGF/CSF3/CHI3L1/FERMT2/DDR2/PROS1/GDF15/TEK/VAV1/LAMA1/FGFR1/THBS1/PDGFRA/PRKD1/WNT5A/IL1B",21
"GO:0072001","renal system development","24/641","181/12837",0.132596685082873,2.65545030641005,5.14212185445979,1.14409584592827e-05,0.000467719975033449,0.000325555130756751,"FGF2/LRRK2/BASP1/KANK2/LIF/GREM1/SALL1/FOXD1/MEF2C/ACTA2/CYP26B1/ARL13B/BMP2/GDNF/COL4A1/ITGA8/NRP1/TCF21/FBN1/TEK/ID3/FOXF1/SERPINB7/PDGFRA",24
"GO:0045669","positive regulation of osteoblast differentiation","11/641","46/12837",0.239130434782609,4.78895068846232,5.90174961888277,1.1886919652097e-05,0.000477238589724957,0.000332180534878727,"MEF2C/CCN1/HGF/FERMT2/FZD1/DNAI3/DDR2/IL6ST/FBN2/PRKD1/IL6",11
"GO:0045861","negative regulation of proteolysis","10/641","38/12837",0.263157894736842,5.27013712127432,6.0433919406152,1.19049587652387e-05,0.000477238589724957,0.000332180534878727,"PLAT/LRRK2/PLAU/ECM1/MDM2/FURIN/GAS1/THBS1/PRNP/TIMP1",10
"GO:0010594","regulation of endothelial cell migration","21/641","147/12837",0.142857142857143,2.86093158012035,5.20227640728344,1.2706345690311e-05,0.000499661917669467,0.000347788227196026,"FGF2/HSPB1/DCN/GREM1/HMOX1/APOE/MEF2C/SPARC/PTGS2/ATOH8/GRN/JCAD/NRP1/PLPP3/TEK/FGFR1/THBS1/PLK2/STC1/PRKD1/WNT5A",21
"GO:0046890","regulation of lipid biosynthetic process","21/641","147/12837",0.142857142857143,2.86093158012035,5.20227640728344,1.2706345690311e-05,0.000499661917669467,0.000347788227196026,"SAMD8/RDH10/FBXW7/SIRT2/AVIL/DAB2/APOE/SNAI2/DKK3/PDK4/C3/BMP2/PTGS2/ADM/SCAP/GNAI1/SPHK1/IGFBP7/SORBS1/GLTP/IL1B",21
"GO:0007565","female pregnancy","16/641","93/12837",0.172043010752688,3.44542297820945,5.42597442869668,1.29932580605403e-05,0.000500819428736446,0.000348593909413758,"TRO/PAPPA/IGFBP2/SYDE1/UCN/RGS2/FBLN1/IGFBP5/ITGA2/IGFBP7/FBN2/GJA1/STC1/COL16A1/TIMP1/IL1B",16
"GO:0045766","positive regulation of angiogenesis","20/641","136/12837",0.147058823529412,2.94507662659448,5.22784102351731,1.31499581887474e-05,0.000500819428736446,0.000348593909413758,"FGF2/HSPB1/GREM1/HMOX1/TWIST1/C3/ECM1/CHI3L1/CXCL8/ADM/GRN/JCAD/NRP1/SPHK1/TEK/THBS1/EMILIN1/PRKD1/WNT5A/IL1B",20
"GO:0033627","cell adhesion mediated by integrin","13/641","64/12837",0.203125,4.06788709048362,5.64050597963814,1.32273945056255e-05,0.000500819428736446,0.000348593909413758,"LIF/SNAI2/PLAU/ITGB5/JAM3/ACER2/PLPP3/FBN1/ITGA2/FERMT3/SWAP70/EMILIN1/COL16A1",13
"GO:0070374","positive regulation of ERK1 and ERK2 cascade","19/641","125/12837",0.152,3.04403120124805,5.26466505925963,1.33079478653656e-05,0.000500819428736446,0.000348593909413758,"FGF2/FBXW7/APOE/NRG1/ACTA2/CD36/HAND2/CHI3L1/BMP2/HRAS/FERMT2/DDR2/CCN2/NRP1/INHBA/TEK/IL13RA2/PDGFRA/IL1B",19
"GO:0071711","basement membrane organization","8/641","24/12837",0.333333333333333,6.67550702028081,6.37999053043473,1.33422468299852e-05,0.000500819428736446,0.000348593909413758,"LAMA2/FLRT2/PHLDB1/COL4A1/COL8A1/LAMA1/PXDN/COL3A1",8
"GO:0002683","negative regulation of immune system process","40/641","393/12837",0.101781170483461,2.03832275428422,4.79273930287223,1.43423023460351e-05,0.000533507805286298,0.00037134655901174,"SCRIB/CLU/PRKAR2B/FBXW7/TMEM176B/GREM1/HMOX1/ISG15/SLC4A2/TMEM176A/THY1/IL33/SQSTM1/GLI3/PLCB1/CCL2/IL27RA/CACTIN/PLD3/CEBPB/TNFAIP6/GRN/A2M/SYT11/MICOS10-NBL1/TWSG1/IL6ST/MMP12/FBN1/INHBA/ABHD8/NBL1/GDF15/GPR137B/FURIN/THBS1/PLK2/EMILIN1/PRNP/COL3A1",40
"GO:0048729","tissue morphogenesis","33/641","298/12837",0.110738255033557,2.21770199667047,4.87587833213042,1.47013227317868e-05,0.000537373672440901,0.000374037384621476,"FGF2/SCRIB/LIF/GREM1/ACTG2/SALL1/FOXD1/MEF2C/SNAI2/NRG1/ACTA2/ADAMTS5/TCAP/HGF/BMP2/ITGB5/FERMT2/GDNF/COL4A1/ITGA8/NRP1/TCF21/MMP12/ITGA2/KRT17/CARMIL2/TBX2/BRSK1/FOXF1/GJA1/STC1/COL3A1/WNT5A",33
"GO:0048566","embryonic digestive tract development","7/641","18/12837",0.388888888888889,7.78809152366095,6.60681322078256,1.47065209459486e-05,0.000537373672440901,0.000374037384621476,"SALL1/GLI3/CXCL8/TCF21/FOXF1/PDGFRA/RARRES2",7
"GO:0009617","response to bacterium","40/641","394/12837",0.101522842639594,2.03314934627842,4.77511490617471,1.5224205842565e-05,0.00055141005196448,0.000383807365839027,"SIRPA/AXL/H2BC5/COLEC12/ISG15/IL18RAP/CD1D/IL33/MEF2C/CXCL6/CD36/CCL2/LDOC1/PI3/CSF3/CXCL8/IGHG2/H2BC12/ADM/CACTIN/CEBPB/GRN/IGHG1/CASP1/SYT11/MR1/NFKBIB/EDNRB/H2BC11/LY96/DIO2/MMP3/CYBA/IGHM/EMILIN1/PRKD1/RARRES2/IL6/WNT5A/IL1B",40
"GO:0001763","morphogenesis of a branching structure","13/641","65/12837",0.2,4.00530421216849,5.56866156621497,1.57905212254676e-05,0.000566948366434398,0.000394622764515622,"FGF2/LRRK2/GREM1/SALL1/FOXD1/HGF/BMP2/GDNF/COL4A1/NRP1/TCF21/TBX2/FOXF1",13
"GO:0060047","heart contraction","20/641","138/12837",0.144927536231884,2.90239435664383,5.15098744925032,1.63970939524679e-05,0.000583651732152929,0.000406249093731485,"CACNA2D1/KCNJ2/RGS4/ADORA1/CACNA1C/CACNA1H/SCN9A/TCAP/FGF13/DMPK/ADM/UCN/SCN2A/RGS2/EDNRB/TBX2/ATP2A3/GJA1/STC1/KCNE5",20
"GO:0010562","positive regulation of phosphorus metabolic process","29/641","248/12837",0.116935483870968,2.34181093050174,4.89166503253808,1.73823796798942e-05,0.000608235980493924,0.000423360888417262,"FGF2/PRKAR2B/TNFRSF18/RASSF2/LIF/NEK10/ADORA1/NRG1/FGF7/SESN2/C3/SPATA18/AGAP2/BMP2/AREG/FAXDC2/DDR2/NDUFC2/NRP1/IL4R/IL11/FGFR1/THBS1/EREG/RARRES2/IL6/MAD2L2/CDKN1A/WNT5A",29
"GO:0045937","positive regulation of phosphate metabolic process","29/641","248/12837",0.116935483870968,2.34181093050174,4.89166503253808,1.73823796798942e-05,0.000608235980493924,0.000423360888417262,"FGF2/PRKAR2B/TNFRSF18/RASSF2/LIF/NEK10/ADORA1/NRG1/FGF7/SESN2/C3/SPATA18/AGAP2/BMP2/AREG/FAXDC2/DDR2/NDUFC2/NRP1/IL4R/IL11/FGFR1/THBS1/EREG/RARRES2/IL6/MAD2L2/CDKN1A/WNT5A",29
"GO:0033002","muscle cell proliferation","20/641","139/12837",0.143884892086331,2.88151382170395,5.11307676335785,1.82765293043374e-05,0.000627163213414309,0.000436535133942737,"FGF2/ADAMTS1/HMOX1/APOE/MEF2C/NRG1/BMP2/CNN1/MDM2/DDR2/IGFBP5/ITGA2/TBX2/GJA1/THBS1/EREG/CYBA/RGS5/IL6/CDKN1A",20
"GO:0050918","positive chemotaxis","11/641","48/12837",0.229166666666667,4.58941107644306,5.71163813744364,1.83789655662706e-05,0.000627163213414309,0.000436535133942737,"FGF2/SCRIB/FGF7/CCL2/VEGFD/HGF/CXCL8/GDNF/NRP1/ITGA2/WNT5A",11
"GO:1902807","negative regulation of cell cycle G1/S phase transition","11/641","48/12837",0.229166666666667,4.58941107644306,5.71163813744364,1.83789655662706e-05,0.000627163213414309,0.000436535133942737,"CDKN2B/KANK2/APBB1/CCL2/ZC3H12D/PLK3/INHBA/FHL1/TRIAP1/CDKN1A/DACT1",11
"GO:0060538","skeletal muscle organ development","13/641","66/12837",0.196969696969697,3.94461778471139,5.49823891388453,1.87794145409966e-05,0.000633828526311571,0.000441174505634415,"SIRT2/BASP1/POPDC3/MEF2C/CYP26B1/CFL2/GPC1/RBM24/RCAN1/COL6A1/TCF21/MSC/POPDC1",13
"GO:0001935","endothelial cell proliferation","18/641","117/12837",0.153846153846154,3.08100324012961,5.18390808766188,1.88813050947743e-05,0.000633828526311571,0.000441174505634415,"FGF2/HMOX1/APOE/MEF2C/CCL2/ECM1/SPARC/MMP14/ATOH8/ZEB2/JCAD/NRP1/TEK/FGFR1/THBS1/CYBA/PRKD1/WNT5A",18
"GO:1904018","positive regulation of vasculature development","20/641","140/12837",0.142857142857143,2.86093158012035,5.07550225564133,2.03470743793422e-05,0.000677524758970192,0.000471589141519353,"FGF2/HSPB1/GREM1/HMOX1/TWIST1/C3/ECM1/CHI3L1/CXCL8/ADM/GRN/JCAD/NRP1/SPHK1/TEK/THBS1/EMILIN1/PRKD1/WNT5A/IL1B",20
"GO:0070372","regulation of ERK1 and ERK2 cascade","25/641","200/12837",0.125,2.5033151326053,4.91222437020306,2.12355578898905e-05,0.000701452948218864,0.000488244288178563,"FGF2/SIRPA/FBXW7/DAB2/NEK10/APOE/NRG1/ACTA2/CCN1/CD36/HAND2/CHI3L1/BMP2/HRAS/FERMT2/DDR2/CCN2/FBLN1/NRP1/INHBA/TEK/EMILIN1/IL13RA2/PDGFRA/IL1B",25
"GO:0014706","striated muscle tissue development","24/641","188/12837",0.127659574468085,2.55657715670329,4.92897530430011,2.17697703808838e-05,0.000713391919862455,0.000496554374730355,"FGF2/SIRT2/RGS4/GREM1/POPDC3/MEF2C/TWIST1/NRG1/CYP26B1/TCAP/CFL2/GPC1/BMP2/RBM24/RCAN1/RGS2/COL6A1/TCF21/MSC/AKAP6/TBX2/GJA1/PDGFRA/POPDC1",24
"GO:0051155","positive regulation of striated muscle cell differentiation","7/641","19/12837",0.368421052631579,7.37819196978406,6.37821881611151,2.22860124143455e-05,0.000724558624085296,0.00050432692678595,"MEF2C/NRG1/CYP26B1/MMP14/RBM24/AKAP6/PRKD1",7
"GO:0006979","response to oxidative stress","36/641","345/12837",0.104347826086957,2.08972393678356,4.70376061669066,2.25366973390573e-05,0.000726984557132558,0.000506015490440628,"SIRPA/PTGS1/SIRT2/DUOX2/LRRK2/HMOX1/SRXN1/IL18RAP/PCNA/APOE/SESN2/CD36/HGF/MSRB3/AREG/TXNIP/MMP14/PTGS2/MDM2/NDOR1/DDR2/UCN/FBLN5/PLK3/SOD3/CYGB/GPR37/FBN1/MMP3/COL1A1/PXDN/TRPA1/PDGFRA/PRKD1/PRNP/IL6",36
"GO:0043491","phosphatidylinositol 3-kinase/protein kinase B signal transduction","27/641","226/12837",0.119469026548673,2.39254897629533,4.84200346857303,2.29558307135791e-05,0.000734764535010604,0.000511430721456133,"FGF2/AXL/DCN/GAB2/AKR1C2/ADORA1/INPP5K/TWIST1/HGF/CSF3/CHI3L1/FERMT2/DDR2/PLK3/PROS1/GDF15/TEK/VAV1/LAMA1/FGFR1/MMP3/THBS1/PDGFRA/PRKD1/PHLDA3/WNT5A/IL1B",27
"GO:0055123","digestive system development","12/641","58/12837",0.206896551724138,4.14341815051912,5.50050899664651,2.33224532795936e-05,0.000740756996857246,0.00051560175712742,"SALL1/CLMP/SLC4A2/GLI3/CXCL8/TCF21/IL6ST/EDNRB/FOXF1/PDGFRA/RARRES2/DACT1",12
"GO:0001774","microglial cell activation","9/641","33/12837",0.272727272727273,5.46177847113885,5.88338544749266,2.38847271918305e-05,0.000747121504356577,0.000520031754095155,"CLU/LRRK2/IL33/IFNGR1/GRN/SYT11/SPHK1/IL6/IL1B",9
"GO:0002269","leukocyte activation involved in inflammatory response","9/641","33/12837",0.272727272727273,5.46177847113885,5.88338544749266,2.38847271918305e-05,0.000747121504356577,0.000520031754095155,"CLU/LRRK2/IL33/IFNGR1/GRN/SYT11/SPHK1/IL6/IL1B",9
"GO:0043030","regulation of macrophage activation","10/641","41/12837",0.24390243902439,4.88451733191279,5.71119563860898,2.46479706452402e-05,0.000765199028527796,0.000532614562312611,"LRRK2/IL33/GRN/SYT11/IL4R/SPHK1/GPR137B/THBS1/IL6/WNT5A",10
"GO:0007519","skeletal muscle tissue development","12/641","59/12837",0.203389830508475,4.07319072423914,5.42399447830113,2.79671619817575e-05,0.000861764267333409,0.000599828516439052,"SIRT2/POPDC3/MEF2C/CYP26B1/CFL2/GPC1/RBM24/RCAN1/COL6A1/TCF21/MSC/POPDC1",12
"GO:0003015","heart process","20/641","144/12837",0.138888888888889,2.78146125845034,4.92845334077684,3.08963176434036e-05,0.000936050228942976,0.000651535044353461,"CACNA2D1/KCNJ2/RGS4/ADORA1/CACNA1C/CACNA1H/SCN9A/TCAP/FGF13/DMPK/ADM/UCN/SCN2A/RGS2/EDNRB/TBX2/ATP2A3/GJA1/STC1/KCNE5",20
"GO:0051149","positive regulation of muscle cell differentiation","10/641","42/12837",0.238095238095238,4.76821930020058,5.6075845542478,3.09199602035829e-05,0.000936050228942976,0.000651535044353461,"LAMA2/MEF2C/NRG1/CYP26B1/MMP14/RBM24/MDM2/AKAP6/LAMA1/PRKD1",10
"GO:0071604","transforming growth factor beta production","9/641","34/12837",0.264705882352941,5.30113792787006,5.75707803948977,3.1058096722012e-05,0.000936050228942976,0.000651535044353461,"LUM/CHI3L1/PTGS2/FBLN1/FURIN/THBS1/IL13RA2/SERPINB7/COL3A1",9
"GO:0006700","C21-steroid hormone biosynthetic process","6/641","14/12837",0.428571428571429,8.58279474036104,6.50779191458168,3.2218766356514e-05,0.000963994828159755,0.000670985801510696,"DAB2/DKK3/CACNA1H/AKR1B1/BMP2/ADM",6
"GO:0044703","multi-organism reproductive process","16/641","100/12837",0.16,3.20424336973479,5.07295640115185,3.31733424291454e-05,0.000985415330143462,0.00068589547972934,"TRO/PAPPA/IGFBP2/SYDE1/UCN/RGS2/FBLN1/IGFBP5/ITGA2/IGFBP7/FBN2/GJA1/STC1/COL16A1/TIMP1/IL1B",16
"GO:0090101","negative regulation of transmembrane receptor protein serine/threonine kinase signaling pathway","17/641","111/12837",0.153153153153153,3.06712484715605,5.01438179850937,3.39845938053101e-05,0.00100230277015804,0.000697649933324569,"GREM1/FST/DKK3/GREM2/PPM1A/BMP2/SAP30L/TNFAIP6/MICOS10-NBL1/FBN1/INHBA/NBL1/GDF15/FBN2/VASN/LRP1/EMILIN1",17
"GO:0060070","canonical Wnt signaling pathway","28/641","245/12837",0.114285714285714,2.28874526409628,4.66915109602073,3.67757759043764e-05,0.00107693034545511,0.000749594240454405,"IGFBP6/MCC/LRRK2/IGFBP2/DAB2/GREM1/FOXD1/APOE/SNAI2/DKK3/GLI3/CSNK1G2/FRZB/ADGRA2/PPM1A/WNT2B/BMP2/FZD1/RECK/ZEB2/RSPO3/EDNRB/IGFBP4/COL1A1/NR4A2/MAD2L2/DACT1/WNT5A",28
"GO:0032964","collagen biosynthetic process","10/641","43/12837",0.232558139534884,4.65733047926568,5.50719457742772,3.85088247019846e-05,0.00111973899432743,0.000779391076221684,"P3H4/DDR2/UCN/CYGB/ITGA2/INHBA/COL1A1/EMILIN1/SERPINB7/IL6",10
"GO:0007566","embryo implantation","9/641","35/12837",0.257142857142857,5.14967684421663,5.63565695121038,3.99756002481157e-05,0.00115426051345783,0.000803419679390955,"TRO/SYDE1/FBLN1/IGFBP7/FBN2/GJA1/STC1/TIMP1/IL1B",9
"GO:0001934","positive regulation of protein phosphorylation","23/641","184/12837",0.125,2.5033151326053,4.70866016763349,4.49893404229826e-05,0.00129000685143399,0.000897905523846112,"FGF2/PRKAR2B/TNFRSF18/RASSF2/LIF/NEK10/NRG1/FGF7/SESN2/C3/AGAP2/BMP2/FAXDC2/DDR2/IL4R/IL11/FGFR1/EREG/RARRES2/IL6/MAD2L2/CDKN1A/WNT5A",23
"GO:0090050","positive regulation of cell migration involved in sprouting angiogenesis","7/641","21/12837",0.333333333333333,6.67550702028081,5.96723613882933,4.71142843023731e-05,0.0013416198612724,0.000933830609503383,"FGF2/GREM1/HMOX1/PTGS2/JCAD/NRP1/PLK2",7
"GO:2000134","negative regulation of G1/S transition of mitotic cell cycle","10/641","44/12837",0.227272727272727,4.55148205928237,5.40984627604687,4.76331486783996e-05,0.0013471045951583,0.000937648242601608,"CDKN2B/KANK2/CCL2/ZC3H12D/PLK3/INHBA/FHL1/TRIAP1/CDKN1A/DACT1",10
"GO:0001819","positive regulation of cytokine production","38/641","386/12837",0.0984455958549223,1.97152279873578,4.44303458198006,4.88699113848595e-05,0.00137267934767405,0.00095544947484263,"SCRIB/HSPB1/CLU/LRRK2/LUM/PANX1/HMOX1/SAA1/ISG15/IL18RAP/IL33/TWIST1/CD36/PLCB1/IFNGR1/IL27RA/C3/CHI3L1/PTGS2/UCN/CEBPB/CASP1/IL4R/SPHK1/IL6ST/MMP12/IRF7/LY96/CD4/ARRDC4/CD40LG/THBS1/EREG/CYBA/SERPINB7/IL6/WNT5A/IL1B",38
"GO:0006959","humoral immune response","20/641","149/12837",0.134228187919463,2.68812363232784,4.75155718122267,5.08048358698597e-05,0.0014123024110706,0.000983028993087766,"CLU/H2BC5/MEF2C/CXCL6/CCL2/C3/C1R/PI3/CXCL8/IGHG2/H2BC12/ADM/A2M/IGHG1/C1S/H2BC11/IGHM/RARRES2/IL6/IL1B",20
"GO:0070613","regulation of protein processing","9/641","36/12837",0.25,5.00663026521061,5.5187882374911,5.0964654698358e-05,0.0014123024110706,0.000983028993087766,"PLAT/LRRK2/PLAU/MMP14/MDM2/FURIN/GAS1/THBS1/PRNP",9
"GO:1902644","tertiary alcohol metabolic process","6/641","15/12837",0.4,8.01060842433697,6.22814356252497,5.14361908583584e-05,0.00141586688036108,0.000985510031589182,"AKR1C2/DKK3/CACNA1H/AKR1B1/BMP2/AKR1C1",6
"GO:0001936","regulation of endothelial cell proliferation","16/641","104/12837",0.153846153846154,3.08100324012961,4.88493981827815,5.4331570540051e-05,0.00148566261430378,0.00103409114957191,"FGF2/HMOX1/APOE/MEF2C/CCL2/ECM1/SPARC/ATOH8/JCAD/NRP1/TEK/FGFR1/THBS1/CYBA/PRKD1/WNT5A",16
"GO:0042116","macrophage activation","13/641","73/12837",0.178082191780822,3.56636676425961,5.04106057083574,5.74318290562156e-05,0.00156010540903365,0.00108590684072439,"CLU/LRRK2/IL33/IFNGR1/GRN/SYT11/IL4R/SPHK1/GPR137B/THBS1/IL6/WNT5A/IL1B",13
"GO:0031638","zymogen activation","9/641","37/12837",0.243243243243243,4.87131593371843,5.40616944199841,6.43958847634752e-05,0.00173784711234241,0.0012096234373001,"PLAT/PLAU/CTSL/C1R/MMP14/F10/C1S/FURIN/THBS1",9
"GO:0001704","formation of primary germ layer","12/641","64/12837",0.1875,3.75497269890796,5.06519292386361,6.52763890883656e-05,0.00174485456105628,0.00121450095163365,"COL5A2/COL7A1/ITGB5/MMP14/COL4A2/ATOH8/COL6A1/ITGA8/COL8A1/ITGA2/INHBA/GJA1",12
"GO:0001822","kidney development","22/641","176/12837",0.125,2.5033151326053,4.60370535011047,6.55007161452468e-05,0.00174485456105628,0.00121450095163365,"FGF2/LRRK2/BASP1/KANK2/LIF/GREM1/SALL1/FOXD1/MEF2C/ACTA2/CYP26B1/ARL13B/BMP2/GDNF/ITGA8/NRP1/TCF21/FBN1/TEK/ID3/SERPINB7/PDGFRA",22
"GO:0010715","regulation of extracellular matrix disassembly","7/641","22/12837",0.318181818181818,6.37207488299532,5.78134989269232,6.61418790049667e-05,0.00175063986161223,0.00121852779328997,"PLAU/DDR2/FAP/RECK/CARMIL2/LRP1/IL6",7
"GO:0043536","positive regulation of blood vessel endothelial cell migration","11/641","55/12837",0.2,4.00530421216849,5.12041945871558,7.07808588113245e-05,0.00184970991159468,0.00128748521396419,"FGF2/HSPB1/GREM1/HMOX1/PTGS2/JCAD/NRP1/FGFR1/THBS1/PLK2/PRKD1",11
"GO:1903053","regulation of extracellular matrix organization","11/641","55/12837",0.2,4.00530421216849,5.12041945871558,7.07808588113245e-05,0.00184970991159468,0.00128748521396419,"LAMA2/PLAU/BMP2/DDR2/FAP/RECK/CARMIL2/LAMA1/LRP1/EMILIN1/IL6",11
"GO:0070371","ERK1 and ERK2 cascade","25/641","215/12837",0.116279069767442,2.32866523963284,4.5040777251308,7.16177111988069e-05,0.001859808361886,0.00129451421097206,"FGF2/SIRPA/FBXW7/DAB2/NEK10/APOE/NRG1/ACTA2/CCN1/CD36/HAND2/CHI3L1/BMP2/HRAS/FERMT2/DDR2/CCN2/FBLN1/NRP1/INHBA/TEK/EMILIN1/IL13RA2/PDGFRA/IL1B",25
"GO:0006936","muscle contraction","28/641","255/12837",0.109803921568627,2.19899054785721,4.43349446192628,7.50881323227076e-05,0.00193774311475287,0.0013487604694481,"CACNA2D1/KCNJ2/MYL9/ADORA1/CACNA1C/TPM2/APBB1/ACTA2/CACNA1H/SCN9A/TCAP/CNN1/FGF13/DMPK/GDNF/UCN/SCN2A/RGS2/KCNMA1/SPHK1/ITGA2/EDNRB/CALD1/GJA1/STC1/TRPA1/PRKD1/KCNE5",28
"GO:0050865","regulation of cell activation","43/641","467/12837",0.0920770877944325,1.84398373793624,4.25934511351736,7.66144623978537e-05,0.001964851647458,0.00136762928493713,"SIRPA/SCRIB/AXL/LRRK2/IGFBP2/SLC4A2/THY1/CD1D/APOE/IL33/MEF2C/ACTA2/GLI3/CCL2/IL27RA/MMP14/TNFSF8/DDR2/CEBPB/GRN/SYT11/CYGB/IL4R/TWSG1/TNFRSF4/SPHK1/SVEP1/SASH3/IL6ST/INHBA/LCK/VAV1/CD4/GPR137B/CD40LG/THBS1/EMILIN1/PDGFRA/PRNP/IL6/MAD2L2/WNT5A/IL1B",43
"GO:0042403","thyroid hormone metabolic process","6/641","16/12837",0.375,7.50994539781591,5.97326178062972,7.88347346585434e-05,0.00200931246546374,0.00139857610823322,"DUOX2/DUOXA2/CTSK/DIO2/CPQ/CTSB",6
"GO:0007179","transforming growth factor beta receptor signaling pathway","21/641","166/12837",0.126506024096386,2.53347555588971,4.55890578666416,8.01316559725169e-05,0.00202527238256751,0.00140968496219913,"DAB2/CDKN2B/DKK3/PPM1A/BMP2/ITGB5/FERMT2/LTBP3/SAP30L/ZEB2/TWSG1/FBN1/GDF15/FBN2/CITED2/VASN/FURIN/COL1A2/THBS1/EMILIN1/COL3A1",21
"GO:0042446","hormone biosynthetic process","9/641","38/12837",0.236842105263158,4.74312340914689,5.29752586418481,8.06861721422384e-05,0.00202527238256751,0.00140968496219913,"DUOX2/DAB2/DKK3/CACNA1H/AKR1B1/BMP2/ADM/HSD17B2/DIO2",9
"GO:0032965","regulation of collagen biosynthetic process","8/641","30/12837",0.266666666666667,5.34040561622465,5.45635226056734,8.13525011068289e-05,0.00202527238256751,0.00140968496219913,"DDR2/UCN/CYGB/ITGA2/INHBA/EMILIN1/SERPINB7/IL6",8
"GO:0071222","cellular response to lipopolysaccharide","20/641","154/12837",0.12987012987013,2.6008468910185,4.58178095017952,8.1422914871932e-05,0.00202527238256751,0.00140968496219913,"SIRPA/AXL/IL18RAP/MEF2C/CXCL6/CD36/CCL2/LDOC1/CSF3/CXCL8/CACTIN/CEBPB/CASP1/NFKBIB/EDNRB/LY96/MMP3/IL6/WNT5A/IL1B",20
"GO:0014909","smooth muscle cell migration","11/641","56/12837",0.196428571428571,3.93378092266548,5.04399256095439,8.4170831495195e-05,0.00207771262425477,0.00144618584018321,"ADAMTS1/PLAT/MEF2C/PLAU/MDM2/DDR2/IGFBP5/NRP1/LPAR1/ITGA2/LRP1",11
"GO:0048568","embryonic organ development","22/641","179/12837",0.122905027932961,2.46136013038287,4.51373840135142,8.45375928493102e-05,0.00207771262425477,0.00144618584018321,"HOXA3/SALL1/MEF2C/TWIST1/GLI3/HOXB3/TCAP/SPARC/CXCL8/GDNF/PBX1/TCF21/FBN1/FBN2/TBX2/CITED2/ID3/FOXF1/BLOC1S2/PDGFRA/RARRES2/WNT5A",22
"GO:0050921","positive regulation of chemotaxis","16/641","108/12837",0.148148148148148,2.96689200901369,4.70576690995467,8.65661392214681e-05,0.0021149798156535,0.00147212556056372,"FGF2/HSPB1/CCL2/VEGFD/CXCL8/NRP1/LPAR1/ITGA2/SWAP70/FGFR1/THBS1/PDGFRA/PRKD1/RARRES2/IL6/WNT5A",16
"GO:0007186","G protein-coupled receptor signaling pathway","43/641","470/12837",0.0914893617021277,1.83221362897069,4.21392433869004,8.86868418876556e-05,0.00215404688325959,0.00149931807955305,"PRKAR2B/S1PR3/RGS17/LRRK2/PDE3A/AKR1C2/RGS4/ADORA1/INPP5K/APOE/CXCL6/PLCB1/CCL2/C3/LPAR3/ADGRA2/CXCL8/AREG/ADM/GPR68/FZD1/UCN/CXCR6/GNG11/RGS2/GNAI1/GPR37/SPHK1/LPAR1/APLP1/FBN1/AKAP6/GPR176/USP20/MRGPRF/EDNRB/GNB4/EREG/GPR87/PRKD1/RGS5/P2RY14/WNT5A",43
"GO:0048762","mesenchymal cell differentiation","22/641","180/12837",0.122222222222222,2.4476859074363,4.48415246325656,9.18983460905523e-05,0.00221899573688825,0.00154452554056445,"DAB2/GREM1/MCRIP1/MEF2C/SNAI2/TWIST1/NRG1/HAND2/FRZB/HGF/BMP2/FERMT2/GDNF/NRP1/TCF21/FGFR1/COL1A1/VASN/IL6/MAD2L2/WNT5A/IL1B",22
"GO:0008016","regulation of heart contraction","17/641","120/12837",0.141666666666667,2.83709048361934,4.63515216534373,9.31775392350507e-05,0.00223680267152049,0.00155692000571887,"CACNA2D1/KCNJ2/RGS4/ADORA1/CACNA1C/CACNA1H/FGF13/DMPK/ADM/UCN/RGS2/EDNRB/TBX2/ATP2A3/GJA1/STC1/KCNE5",17
"GO:0031214","biomineral tissue development","15/641","98/12837",0.153061224489796,3.06528383584323,4.70500702458544,9.79666845215726e-05,0.0023381759560091,0.00162748058608443,"GREM1/ISG15/SLC4A2/MEF2C/TWIST1/CCN1/ECM1/NT5E/BMP2/DDR2/CEBPB/FBN2/FGFR1/COL1A1/SBDS",15
"GO:0061333","renal tubule morphogenesis","9/641","39/12837",0.230769230769231,4.62150486019441,5.19260735427929,0.000100301634830526,0.00236654542980137,0.00164722707595647,"FGF2/GREM1/SALL1/FOXD1/MEF2C/BMP2/GDNF/COL4A1/TCF21",9
"GO:1903317","regulation of protein maturation","9/641","39/12837",0.230769230769231,4.62150486019441,5.19260735427929,0.000100301634830526,0.00236654542980137,0.00164722707595647,"PLAT/LRRK2/PLAU/MMP14/MDM2/FURIN/GAS1/THBS1/PRNP",9
"GO:0070252","actin-mediated cell contraction","13/641","77/12837",0.168831168831169,3.38110095832405,4.80433183351486,0.000101810105168416,0.0023884882059113,0.00166250028156442,"CACNA2D1/KCNJ2/ADORA1/CACNA1C/ACTA2/SCN9A/TCAP/FGF13/SCN2A/ZEB2/GJA1/STC1/KCNE5",13
"GO:0042391","regulation of membrane potential","26/641","233/12837",0.111587982832618,2.23471908833435,4.36040758693694,0.000103088901868359,0.00240482528708732,0.00167387165948785,"DCN/CACNA2D1/KCNJ2/LRRK2/RGS4/ADORA1/CACNA1C/POPDC3/MEF2C/CD36/CACNA1H/SCN9A/FGF13/NDUFC2/SCN2A/GRIK1/KCNMA1/SLC29A1/AKAP6/FHL1/NALF1/SYT1/GJA1/TRPA1/POPDC1/KCNE5",26
"GO:0032908","regulation of transforming growth factor beta1 production","5/641","11/12837",0.454545454545455,9.10296411856474,6.16353408029536,0.000109794549546666,0.00253263516803455,0.00176283335606881,"LUM/FURIN/THBS1/IL13RA2/SERPINB7",5
"GO:0048251","elastic fiber assembly","5/641","11/12837",0.454545454545455,9.10296411856474,6.16353408029536,0.000109794549546666,0.00253263516803455,0.00176283335606881,"FBLN5/FBN1/EMILIN1/MFAP4/COL3A1",5
"GO:0016055","Wnt signaling pathway","35/641","358/12837",0.0977653631284916,1.95790010371365,4.2141210099676,0.000110784384134388,0.00254127067828271,0.00176884407790679,"IGFBP6/TMEM132A/MCC/HIC1/LRRK2/IGFBP2/DAB2/GREM1/SALL1/FOXD1/PRICKLE2/APOE/SNAI2/DKK3/AMOTL1/GLI3/CSNK1G2/FRZB/ADGRA2/PPM1A/WNT2B/BMP2/FERMT2/FZD1/RECK/ZEB2/RSPO3/EDNRB/IGFBP4/COL1A1/LRP1/NR4A2/MAD2L2/DACT1/WNT5A",35
"GO:0048661","positive regulation of smooth muscle cell proliferation","12/641","68/12837",0.176470588235294,3.53409195191337,4.80323177538197,0.000120573072030579,0.0027505315713495,0.00191449951500836,"FGF2/ADAMTS1/HMOX1/MDM2/DDR2/IGFBP5/ITGA2/GJA1/THBS1/EREG/CYBA/IL6",12
"GO:0071676","negative regulation of mononuclear cell migration","7/641","24/12837",0.291666666666667,5.84106864274571,5.44197584242861,0.000122991482317456,0.0027858768115261,0.00193910146682044,"GREM1/PLCB1/CCL2/IL27RA/MICOS10-NBL1/NBL1/EMILIN1",7
"GO:0071214","cellular response to abiotic stimulus","27/641","249/12837",0.108433734939759,2.17155047647689,4.27974085450166,0.000124146605308986,0.0027858768115261,0.00193910146682044,"FGF2/FBXW7/KCNJ2/HYAL3/XPC/PCNA/MCOLN1/AKR1B1/SMPD1/HRAS/PTGS2/GPR68/MDM2/MMP1/SCN2A/CASP1/ITGA2/TEK/MMP3/COL1A1/TRIAP1/CYBA/FAS/MFAP4/CDKN1A/TIMP1/IL1B",27
"GO:0104004","cellular response to environmental stimulus","27/641","249/12837",0.108433734939759,2.17155047647689,4.27974085450166,0.000124146605308986,0.0027858768115261,0.00193910146682044,"FGF2/FBXW7/KCNJ2/HYAL3/XPC/PCNA/MCOLN1/AKR1B1/SMPD1/HRAS/PTGS2/GPR68/MDM2/MMP1/SCN2A/CASP1/ITGA2/TEK/MMP3/COL1A1/TRIAP1/CYBA/FAS/MFAP4/CDKN1A/TIMP1/IL1B",27
"GO:0060993","kidney morphogenesis","10/641","49/12837",0.204081632653061,4.08704511445764,4.96334956945951,0.000125892482352274,0.00280978410612184,0.00195574206981714,"FGF2/LRRK2/BASP1/LIF/GREM1/SALL1/FOXD1/BMP2/GDNF/TCF21",10
"GO:0071219","cellular response to molecule of bacterial origin","20/641","159/12837",0.125786163522013,2.51905925293616,4.41858347484318,0.00012740944694619,0.0028283527228001,0.00196866670154841,"SIRPA/AXL/IL18RAP/MEF2C/CXCL6/CD36/CCL2/LDOC1/CSF3/CXCL8/CACTIN/CEBPB/CASP1/NFKBIB/EDNRB/LY96/MMP3/IL6/WNT5A/IL1B",20
"GO:0045596","negative regulation of cell differentiation","38/641","405/12837",0.0938271604938272,1.87903160570867,4.12094352170396,0.000135190774013786,0.00298504120803703,0.00207772926680604,"H4C8/S1PR3/FBXW7/TMEM176B/SIRT2/ZEB1/RGS4/GREM1/BDNF/SLC4A2/TMEM176A/COL5A2/THY1/SNAI2/TWIST1/H4C9/GLI3/ARHGAP4/BMP2/FGF13/AREG/FERMT2/RCAN1/RGS2/TNFAIP6/LBH/TP53INP1/FBN1/INHBA/EDNRB/GPR137B/ID3/VASN/EREG/IL6/MAD2L2/WNT5A/IL1B",38
"GO:0035924","cellular response to vascular endothelial growth factor stimulus","11/641","59/12837",0.186440677966102,3.73375816388588,4.82491667991049,0.000138062578494085,0.00300589450384576,0.00209224414281328,"HSPB1/DCN/GREM1/VEGFD/JCAD/NRP1/SPHK1/GAS1/EMILIN1/PDGFRA/PRKD1",11
"GO:0061138","morphogenesis of a branching epithelium","11/641","59/12837",0.186440677966102,3.73375816388588,4.82491667991049,0.000138062578494085,0.00300589450384576,0.00209224414281328,"FGF2/GREM1/SALL1/FOXD1/HGF/BMP2/GDNF/COL4A1/NRP1/TCF21/TBX2",11
"GO:0061041","regulation of wound healing","15/641","101/12837",0.148514851485149,2.97423580111521,4.56644620731156,0.00013888807284927,0.00300589450384576,0.00209224414281328,"FGF2/PLAT/DUOX2/APOE/CD36/PLAU/HRAS/FERMT2/DDR2/FAP/PROS1/TFPI/THBS1/EMILIN1/PDGFRA",15
"GO:0007204","positive regulation of cytosolic calcium ion concentration","14/641","90/12837",0.155555555555556,3.11523660946438,4.61648445346599,0.000139047190659855,0.00300589450384576,0.00209224414281328,"S1PR3/CACNA2D1/CACNA1C/SAA1/CD36/CCL2/LPAR3/CXCL8/CXCR6/CD52/LPAR1/SWAP70/EDNRB/CD4",14
"GO:1903034","regulation of response to wounding","17/641","124/12837",0.137096774193548,2.74557143576066,4.47774756913311,0.000140668086649573,0.00302509650925046,0.00210560964292875,"FGF2/PLAT/DUOX2/APOE/IL33/CD36/PLAU/HRAS/FERMT2/DDR2/FAP/GRN/PROS1/TFPI/THBS1/EMILIN1/PDGFRA",17
"GO:0003018","vascular process in circulatory system","21/641","173/12837",0.121387283236994,2.43096498426411,4.34411954946238,0.000145359246940779,0.00310241355496473,0.00215942594813453,"PDE3A/ADORA1/APOE/SLC16A7/CD36/FERMT2/ADM/UCN/RGS2/KCNMA1/SLC29A1/ZEB2/SVEP1/FBN1/ABCC4/EDNRB/TEK/ATP2A3/LRP1/SLC27A4/SLC3A2",21
"GO:0048589","developmental growth","29/641","279/12837",0.103942652329749,2.08160971600154,4.18743041563195,0.000149061370050901,0.00310241355496473,0.00215942594813453,"FGF2/BASP1/RGS4/BDNF/SALL1/APOE/MEF2C/NRG1/FGF7/PLCB1/ARHGAP4/FGF13/DDR2/RGS2/TNFAIP6/FBLN5/LIN7A/TRPV2/NRP1/AKAP6/GDF15/TBX2/SYT1/GAS1/EREG/STC1/CPQ/COL3A1/CDKN1A",29
"GO:0001656","metanephros development","10/641","50/12837",0.2,4.00530421216849,4.88117379167706,0.000150430958998994,0.00310241355496473,0.00215942594813453,"BASP1/LIF/GREM1/SALL1/FOXD1/GDNF/TCF21/FBN1/ID3/PDGFRA",10
"GO:0014910","regulation of smooth muscle cell migration","10/641","50/12837",0.2,4.00530421216849,4.88117379167706,0.000150430958998994,0.00310241355496473,0.00215942594813453,"ADAMTS1/MEF2C/PLAU/MDM2/DDR2/IGFBP5/NRP1/LPAR1/ITGA2/LRP1",10
"GO:0030193","regulation of blood coagulation","10/641","50/12837",0.2,4.00530421216849,4.88117379167706,0.000150430958998994,0.00310241355496473,0.00215942594813453,"PLAT/APOE/CD36/PLAU/FAP/PROS1/TFPI/THBS1/EMILIN1/PDGFRA",10
"GO:0035249","synaptic transmission, glutamatergic","10/641","50/12837",0.2,4.00530421216849,4.88117379167706,0.000150430958998994,0.00310241355496473,0.00215942594813453,"LRRK2/ADORA1/MEF2C/CCL2/TSHZ3/UCN/GRIK1/CNIH2/SYT1/NR3C1",10
"GO:1900046","regulation of hemostasis","10/641","50/12837",0.2,4.00530421216849,4.88117379167706,0.000150430958998994,0.00310241355496473,0.00215942594813453,"PLAT/APOE/CD36/PLAU/FAP/PROS1/TFPI/THBS1/EMILIN1/PDGFRA",10
"GO:1904705","regulation of vascular associated smooth muscle cell proliferation","10/641","50/12837",0.2,4.00530421216849,4.88117379167706,0.000150430958998994,0.00310241355496473,0.00215942594813453,"FGF2/ADAMTS1/MEF2C/CNN1/MDM2/DDR2/IGFBP5/GJA1/RGS5/CDKN1A",10
"GO:0051146","striated muscle cell differentiation","23/641","199/12837",0.115577889447236,2.31462303718279,4.28473297980982,0.000151025702239746,0.00310241355496473,0.00215942594813453,"MYL9/RGS4/GREM1/BDNF/POPDC3/FLNC/MEF2C/NRG1/CYP26B1/CACNA1H/ADAMTS5/TCAP/BMP2/MMP14/RBM24/DMPK/PLEKHO1/RGS2/COL6A1/AKAP6/PDGFRA/PRKD1/POPDC1",23
"GO:0090257","regulation of muscle system process","20/641","162/12837",0.123456790123457,2.47241000751141,4.32361928148974,0.000164884797292196,0.00337034320801721,0.00234591760529942,"CACNA2D1/KCNJ2/MYL9/RGS4/ADORA1/CACNA1C/HAND2/CNN1/FGF13/DMPK/UCN/RGS2/IGFBP5/GNAI1/SPHK1/IL6ST/ITGA2/AKAP6/STC1/PRKD1",20
"GO:0006694","steroid biosynthetic process","16/641","114/12837",0.140350877192982,2.81073979801297,4.4519355675109,0.000166110071960735,0.00337866249815701,0.00235170822304901,"DAB2/APOE/SNAI2/DKK3/CACNA1H/AKR1B1/BMP2/ADM/SCAP/CYP27A1/FAXDC2/HSD17B2/GNAI1/PBX1/IGFBP7/FDXR",16
"GO:0019216","regulation of lipid metabolic process","26/641","240/12837",0.108333333333333,2.16953978159126,4.19297445081931,0.000167286201786972,0.00338590552538434,0.00235674971112294,"SAMD8/RDH10/FBXW7/SIRT2/AVIL/DAB2/ADORA1/APOE/SNAI2/TWIST1/DKK3/PDK4/C3/SPATA18/BMP2/PTGS2/ADM/SCAP/GNAI1/SPHK1/IGFBP7/GDF15/SORBS1/GLTP/RARRES2/IL1B",26
"GO:0097529","myeloid leukocyte migration","19/641","150/12837",0.126666666666667,2.53669266770671,4.33998611202423,0.000170056323438426,0.00340855611396728,0.00237251558754784,"SIRPA/GREM1/SAA1/CXCL6/PLCB1/CCL2/VEGFD/CXCL8/MMP14/TNFAIP6/JAM3/MICOS10-NBL1/NBL1/SWAP70/EDNRB/THBS1/EMILIN1/RARRES2/IL6",19
"GO:1903522","regulation of blood circulation","19/641","150/12837",0.126666666666667,2.53669266770671,4.33998611202423,0.000170056323438426,0.00340855611396728,0.00237251558754784,"CACNA2D1/KCNJ2/RGS4/ADORA1/CACNA1C/CACNA1H/FGF13/DMPK/ADM/UCN/RGS2/SVEP1/EDNRB/TBX2/ATP2A3/GJA1/STC1/TRPA1/KCNE5",19
"GO:0097237","cellular response to toxic substance","15/641","103/12837",0.145631067961165,2.91648364963725,4.47689046940747,0.000173783581235149,0.00346643674840546,0.00241280323511187,"PTGS1/DUOX2/SRXN1/APOE/SESN2/CD36/TXNRD1/PTGS2/ALOX5AP/FBLN5/SOD3/TP53INP1/CYGB/PXDN/TRPA1",15
"GO:0060348","bone development","14/641","92/12837",0.152173913043478,3.04751407447602,4.51841431190213,0.000176787552402249,0.00350940290321579,0.00244270970243004,"FBXW7/RAB23/GREM1/MEF2C/TWIST1/CYP26B1/BMP2/DDR2/FBLN5/FBN1/GJA1/SBDS/STC1/COL3A1",14
"GO:1990874","vascular associated smooth muscle cell proliferation","10/641","51/12837",0.196078431372549,3.9267688354593,4.80110629364104,0.000178879223158051,0.00353393450918464,0.00245978485554552,"FGF2/ADAMTS1/MEF2C/CNN1/MDM2/DDR2/IGFBP5/GJA1/RGS5/CDKN1A",10
"GO:0032102","negative regulation of response to external stimulus","30/641","296/12837",0.101351351351351,2.02971497238268,4.10896044273931,0.000180576296010608,0.0035504739344181,0.00247129707446269,"FGF2/SIRPA/PRKAR2B/PLAT/GREM1/ADORA1/SAA1/ISG15/APOE/IL33/CCL2/PLAU/CACTIN/TNFAIP6/FAP/GRN/A2M/PROS1/SYT11/MICOS10-NBL1/MMP12/NBL1/TFPI/TEK/FURIN/THBS1/PLK2/IL13RA2/PDGFRA/IL1B",30
"GO:0048705","skeletal system morphogenesis","12/641","71/12837",0.169014084507042,3.38476412295928,4.61936569566156,0.000184874388910629,0.00360069033873578,0.00250625005690182,"HOXA3/RAB23/GREM1/MEF2C/TWIST1/CYP26B1/HOXB3/FBN2/FGFR1/STC1/PDGFRA/COL3A1",12
"GO:0060541","respiratory system development","12/641","71/12837",0.169014084507042,3.38476412295928,4.61936569566156,0.000184874388910629,0.00360069033873578,0.00250625005690182,"BASP1/FGF7/GLI3/CHI3L1/BMP2/IGFBP5/TCF21/FBN1/MSC/TBX2/FOXF1/COL3A1",12
"GO:0023061","signal release","29/641","284/12837",0.102112676056338,2.04496165762123,4.08245044814961,0.00020259994724469,0.003927395221471,0.00273365204205358,"SCRIB/CACNA2D1/LRRK2/DAB2/LIF/ADORA1/FOXD1/MEF2C/VPS18/ABCA12/GDNF/UCN/LIN7A/SYT11/IL6ST/INHBA/ABCC4/BEST1/EDNRB/IL11/BRSK1/SV2A/SYT1/GJA1/STXBP5/TRPA1/PRKD1/IL6/IL1B",29
"GO:0019221","cytokine-mediated signaling pathway","37/641","399/12837",0.0927318295739348,1.85709593797286,3.98727114267352,0.00020896196642822,0.00398613859766978,0.00277454019851539,"AXL/TNFRSF18/DUOX2/SOCS2/ISG15/IL18RAP/EDA2R/IL33/CXCL6/PLCB1/IFNGR1/CCL2/IL27RA/CSF3/GREM2/CACTIN/CXCR6/GNAI1/CASP1/IL9R/IL4R/TNFRSF4/SPHK1/IL6ST/MMP12/INHBA/IRF7/H2BC11/IL11/CD4/PXDN/EREG/IL13RA2/FAS/IL6/WNT5A/IL1B",37
"GO:0030195","negative regulation of blood coagulation","8/641","34/12837",0.235294117647059,4.71212260255116,4.96868035236989,0.00021142270595536,0.00398613859766978,0.00277454019851539,"PLAT/APOE/PLAU/FAP/PROS1/TFPI/THBS1/PDGFRA",8
"GO:0035987","endodermal cell differentiation","8/641","34/12837",0.235294117647059,4.71212260255116,4.96868035236989,0.00021142270595536,0.00398613859766978,0.00277454019851539,"COL5A2/COL7A1/ITGB5/MMP14/COL4A2/COL6A1/COL8A1/INHBA",8
"GO:0061005","cell differentiation involved in kidney development","8/641","34/12837",0.235294117647059,4.71212260255116,4.96868035236989,0.00021142270595536,0.00398613859766978,0.00277454019851539,"BASP1/LIF/GREM1/SALL1/MEF2C/ACTA2/GDNF/TCF21",8
"GO:1900047","negative regulation of hemostasis","8/641","34/12837",0.235294117647059,4.71212260255116,4.96868035236989,0.00021142270595536,0.00398613859766978,0.00277454019851539,"PLAT/APOE/PLAU/FAP/PROS1/TFPI/THBS1/PDGFRA",8
"GO:2000243","positive regulation of reproductive process","8/641","34/12837",0.235294117647059,4.71212260255116,4.96868035236989,0.00021142270595536,0.00398613859766978,0.00277454019851539,"SIRT2/HYAL3/PLCB1/CACNA1H/SYDE1/INHBA/EDNRB/CITED2",8
"GO:0010469","regulation of signaling receptor activity","7/641","26/12837",0.269230769230769,5.39175567022681,5.1388801630666,0.000214214677126438,0.0040022280626926,0.00278573922393426,"CNRIP1/GREM2/IL6ST/IL11/CNIH2/RARRES2/LYNX1",7
"GO:0072210","metanephric nephron development","7/641","26/12837",0.269230769230769,5.39175567022681,5.1388801630666,0.000214214677126438,0.0040022280626926,0.00278573922393426,"LIF/GREM1/SALL1/FOXD1/GDNF/TCF21/PDGFRA",7
"GO:0071216","cellular response to biotic stimulus","21/641","178/12837",0.117977528089888,2.36267945099826,4.19700193286431,0.000217185290590945,0.00403945074256762,0.00281164796219792,"SIRPA/AXL/IL18RAP/MEF2C/CXCL6/CD36/CCL2/LDOC1/CSF3/CXCL8/TXNIP/CACTIN/CEBPB/CASP1/NFKBIB/EDNRB/LY96/MMP3/IL6/WNT5A/IL1B",21
"GO:0030510","regulation of BMP signaling pathway","11/641","62/12837",0.17741935483871,3.5530924462785,4.61973529941361,0.000218846003405292,0.00405208586574193,0.00282044260300163,"GREM1/FOXD1/FST/CCN1/GREM2/TNFAIP6/MICOS10-NBL1/TWSG1/FBN1/FSTL1/NBL1",11
"GO:0072593","reactive oxygen species metabolic process","19/641","153/12837",0.124183006535948,2.48695359579089,4.24179987836058,0.000220733361337868,0.00406878593287526,0.00283206663624684,"SIRPA/SIRT2/DUOX2/LRRK2/DUOXA2/SESN2/CD36/TP53I3/NDUFC2/FBLN5/SOD3/CYGB/MMP3/PXDN/THBS1/CYBA/AKR1C1/FAS/CDKN1A",19
"GO:0030168","platelet activation","14/641","94/12837",0.148936170212766,2.98267334948717,4.42297429452859,0.000223055394184376,0.00409331432261017,0.00284913955071202,"HSPB1/AXL/MYL9/SAA1/APOE/SVEP1/IL6ST/FERMT3/LCK/VAV1/CD40LG/PDGFRA/COL3A1/IL6",14
"GO:0030178","negative regulation of Wnt signaling pathway","17/641","129/12837",0.131782945736434,2.63915393825055,4.28954427380578,0.000228843819525475,0.00418095633106498,0.00291014251625834,"IGFBP6/MCC/HIC1/IGFBP2/DAB2/GREM1/APOE/SNAI2/DKK3/GLI3/FRZB/BMP2/IGFBP4/LRP1/MAD2L2/DACT1/WNT5A",17
"GO:0060828","regulation of canonical Wnt signaling pathway","23/641","205/12837",0.11219512195122,2.24687797267988,4.12572223742028,0.000235003275468315,0.00427457499739503,0.00297530551716753,"IGFBP6/MCC/LRRK2/IGFBP2/DAB2/GREM1/APOE/SNAI2/DKK3/GLI3/CSNK1G2/FRZB/ADGRA2/PPM1A/BMP2/RECK/ZEB2/RSPO3/IGFBP4/COL1A1/MAD2L2/DACT1/WNT5A",23
"GO:2001233","regulation of apoptotic signaling pathway","28/641","273/12837",0.102564102564103,2.0540021600864,4.03546905807156,0.000241137047167405,0.00435097304475375,0.00302848215623592,"FGF2/HSPB1/CLU/FBXW7/LRRK2/HMOX1/BDNF/SNAI2/NRG1/HGF/BEX3/GSDME/PTGS2/GDNF/MDM2/FZD1/NRP1/INHBA/ITM2C/LCK/PEA15/CD40LG/TRIAP1/THBS1/FAS/NR4A2/WNT5A/IL1B",28
"GO:0001558","regulation of cell growth","30/641","301/12837",0.0996677740863787,1.99599877682815,4.00864615215062,0.000242013632413985,0.00435097304475375,0.00302848215623592,"DAB2/RGS4/SOCS2/BDNF/APOE/NRG1/SESN2/ARHGAP4/FRZB/FGF13/ZC3H12D/MMP14/UCN/RGS2/DCBLD2/TRPV2/NRP1/SPHK1/OSGIN1/WFDC1/IGFBP7/INHBA/AKAP6/KRT17/FHL1/SYT1/GJA1/CYBA/MAD2L2/CDKN1A",30
"GO:0048041","focal adhesion assembly","12/641","73/12837",0.164383561643836,3.29203085931656,4.50218828927706,0.000242364688857681,0.00435097304475375,0.00302848215623592,"GREM1/THY1/CDH11/MMP14/FERMT2/NRP1/ITGA2/TRIP6/TEK/SORBS1/THBS1/COL16A1",12
"GO:0034614","cellular response to reactive oxygen species","16/641","118/12837",0.135593220338983,2.71546048282609,4.29171030811527,0.000249280541255161,0.00442774094209522,0.00308191622831107,"SIRPA/LRRK2/IL18RAP/PCNA/CD36/HGF/MDM2/DDR2/FBLN5/SOD3/CYGB/GPR37/MMP3/TRPA1/PDGFRA/IL6",16
"GO:0072006","nephron development","14/641","95/12837",0.147368421052632,2.95127678791362,4.3761987896013,0.000249857989708933,0.00442774094209522,0.00308191622831107,"FGF2/BASP1/LIF/GREM1/SALL1/FOXD1/MEF2C/ACTA2/BMP2/GDNF/TCF21/TEK/SERPINB7/PDGFRA",14
"GO:1990748","cellular detoxification","14/641","95/12837",0.147368421052632,2.95127678791362,4.3761987896013,0.000249857989708933,0.00442774094209522,0.00308191622831107,"PTGS1/DUOX2/SRXN1/APOE/SESN2/CD36/TXNRD1/PTGS2/ALOX5AP/FBLN5/SOD3/TP53INP1/CYGB/PXDN",14
"GO:0014812","muscle cell migration","11/641","63/12837",0.174603174603175,3.49669415348043,4.55414993025657,0.000253396326651698,0.00447125398608914,0.00311220335625777,"ADAMTS1/PLAT/MEF2C/PLAU/MDM2/DDR2/IGFBP5/NRP1/LPAR1/ITGA2/LRP1",11
"GO:0006956","complement activation","8/641","35/12837",0.228571428571429,4.57749052819256,4.85857335883796,0.000262221848387136,0.00458777123724781,0.00319330485065869,"CLU/C3/C1R/IGHG2/A2M/IGHG1/C1S/IL1B",8
"GO:0090049","regulation of cell migration involved in sprouting angiogenesis","8/641","35/12837",0.228571428571429,4.57749052819256,4.85857335883796,0.000262221848387136,0.00458777123724781,0.00319330485065869,"FGF2/GREM1/HMOX1/PTGS2/JCAD/NRP1/THBS1/PLK2",8
"GO:0007548","sex differentiation","15/641","107/12837",0.14018691588785,2.80745622348258,4.30408297977208,0.00026689142951604,0.004630229884335,0.00322285806869954,"IRF2BPL/BASP1/HYAL3/SALL1/WNT2B/MMP14/CEBPB/TNFAIP6/PBX1/TCF21/INHBA/CITED2/EREG/PDGFRA/WNT5A",15
"GO:0090090","negative regulation of canonical Wnt signaling pathway","15/641","107/12837",0.14018691588785,2.80745622348258,4.30408297977208,0.00026689142951604,0.004630229884335,0.00322285806869954,"IGFBP6/MCC/IGFBP2/DAB2/GREM1/APOE/SNAI2/DKK3/GLI3/FRZB/BMP2/IGFBP4/MAD2L2/DACT1/WNT5A",15
"GO:0030111","regulation of Wnt signaling pathway","27/641","261/12837",0.103448275862069,2.07170907525956,4.010154072483,0.00026964296178346,0.00465839242344731,0.00324246052228835,"IGFBP6/TMEM132A/MCC/HIC1/LRRK2/IGFBP2/DAB2/GREM1/SALL1/APOE/SNAI2/DKK3/GLI3/CSNK1G2/FRZB/ADGRA2/PPM1A/BMP2/RECK/ZEB2/RSPO3/IGFBP4/COL1A1/LRP1/MAD2L2/DACT1/WNT5A",27
"GO:0098754","detoxification","16/641","119/12837",0.134453781512605,2.69264148717209,4.25269476786412,0.0002749892071317,0.0047309601510283,0.00329297107839547,"PTGS1/DUOX2/SRXN1/APOE/SESN2/CD36/TXNRD1/MT2A/PTGS2/ALOX5AP/FBLN5/SOD3/TP53INP1/CYGB/CES2/PXDN",16
"GO:0001658","branching involved in ureteric bud morphogenesis","7/641","27/12837",0.259259259259259,5.19206101577397,4.99884963658497,0.000276852697223495,0.00474077748865538,0.00329980440774951,"FGF2/GREM1/SALL1/FOXD1/BMP2/GDNF/TCF21",7
"GO:0030048","actin filament-based movement","14/641","96/12837",0.145833333333333,2.92053432137285,4.33003186655831,0.000279381801162222,0.00474077748865538,0.00329980440774951,"MYO1B/CACNA2D1/KCNJ2/ADORA1/CACNA1C/ACTA2/SCN9A/TCAP/FGF13/SCN2A/ZEB2/GJA1/STC1/KCNE5",14
"GO:0043567","regulation of insulin-like growth factor receptor signaling pathway","5/641","13/12837",0.384615384615385,7.70250810032401,5.5428411196619,0.000281300674429781,0.00474077748865538,0.00329980440774951,"IGFBP6/IGFBP2/BMP2/IGFBP5/IGFBP4",5
"GO:0060231","mesenchymal to epithelial transition","5/641","13/12837",0.384615384615385,7.70250810032401,5.5428411196619,0.000281300674429781,0.00474077748865538,0.00329980440774951,"BASP1/LIF/GREM1/SALL1/GDNF",5
"GO:1903978","regulation of microglial cell activation","5/641","13/12837",0.384615384615385,7.70250810032401,5.5428411196619,0.000281300674429781,0.00474077748865538,0.00329980440774951,"LRRK2/GRN/SYT11/SPHK1/IL6",5
"GO:0043535","regulation of blood vessel endothelial cell migration","13/641","85/12837",0.152941176470588,3.06287969165825,4.37450958408507,0.000283760025042435,0.00476278513577324,0.00331512276663421,"FGF2/HSPB1/GREM1/HMOX1/APOE/MEF2C/PTGS2/JCAD/NRP1/FGFR1/THBS1/PLK2/PRKD1",13
"GO:0062197","cellular response to chemical stress","27/641","262/12837",0.103053435114504,2.06380178871277,3.98834323233805,0.000286806974106615,0.00479443723111828,0.00333715411570807,"SIRPA/SIRT2/LRRK2/SRXN1/IL18RAP/PCNA/SESN2/CD36/HGF/AKR1B1/PTGS2/MDM2/NDOR1/DDR2/SCN2A/FBLN5/SOD3/CASP1/CYGB/GPR37/GDF15/MMP3/FAS/TRPA1/PDGFRA/PRKD1/IL6",27
"GO:0030509","BMP signaling pathway","14/641","97/12837",0.144329896907216,2.89042572012159,4.28445841283607,0.000311849358593959,0.00519204032917119,0.00361390459780294,"GREM1/FOXD1/FST/CCN1/GREM2/BMP2/TNFAIP6/MICOS10-NBL1/TWSG1/FBN1/FSTL1/NBL1/RGMB/TMEM100",14
"GO:0034644","cellular response to UV","12/641","75/12837",0.16,3.20424336973479,4.38900389042631,0.000314395621318029,0.00521341172860298,0.00362878009833287,"FBXW7/HYAL3/XPC/PCNA/SMPD1/MDM2/MMP1/MMP3/TRIAP1/MFAP4/CDKN1A/TIMP1",12
"GO:0150063","visual system development","20/641","170/12837",0.117647058823529,2.35606130127558,4.08039361175105,0.000316056090182399,0.0052199823854525,0.00363335358495732,"FGF2/SAMD11/CACNA1C/COL5A2/THY1/TWIST1/SGCB/C3/WNT2B/COL4A1/PBX1/ZEB2/NRP1/FBN1/INHBA/FBN2/TBX2/PXDN/PDGFRA/WNT5A",20
"GO:0050829","defense response to Gram-negative bacterium","8/641","36/12837",0.222222222222222,4.45033801352054,4.75254355504766,0.00032258104658393,0.00530652247547828,0.00369358956338016,"H2BC12/ADM/MR1/H2BC11/IGHM/PRKD1/RARRES2/IL6",8
"GO:0031667","response to nutrient levels","34/641","364/12837",0.0934065934065934,1.87060911007869,3.8629901351158,0.000327252559440422,0.00536200721400596,0.00373220955455135,"SGIP1/SIRT2/LRRK2/IGFBP2/CDKN2B/KANK2/DRAM1/APOE/SNAI2/SESN2/CYP26B1/PDK4/SCAP/GABARAPL1/MDM2/UCN/RIPOR1/ZEB2/RNF152/FBN1/ITGA2/INHBA/PPM1D/GDF15/CD4/COL1A1/CYBA/STC1/FAS/TRPA1/PRKD1/RARRES2/CDKN1A/SLC27A4",34
"GO:0048754","branching morphogenesis of an epithelial tube","10/641","55/12837",0.181818181818182,3.6411856474259,4.50003641175533,0.00034201799168808,0.00553800897129444,0.00385471506675097,"FGF2/GREM1/SALL1/FOXD1/BMP2/GDNF/COL4A1/NRP1/TCF21/TBX2",10
"GO:0050818","regulation of coagulation","10/641","55/12837",0.181818181818182,3.6411856474259,4.50003641175533,0.00034201799168808,0.00553800897129444,0.00385471506675097,"PLAT/APOE/CD36/PLAU/FAP/PROS1/TFPI/THBS1/EMILIN1/PDGFRA",10
"GO:0061326","renal tubule development","10/641","55/12837",0.181818181818182,3.6411856474259,4.50003641175533,0.00034201799168808,0.00553800897129444,0.00385471506675097,"FGF2/LIF/GREM1/SALL1/FOXD1/MEF2C/BMP2/GDNF/COL4A1/TCF21",10
"GO:0032350","regulation of hormone metabolic process","7/641","28/12837",0.25,5.00663026521061,4.86559359652385,0.000353401429177507,0.00565579263982142,0.0039366980472845,"RDH10/DUOX2/DAB2/DUOXA2/DKK3/BMP2/ADM",7
"GO:0071634","regulation of transforming growth factor beta production","7/641","28/12837",0.25,5.00663026521061,4.86559359652385,0.000353401429177507,0.00565579263982142,0.0039366980472845,"LUM/PTGS2/FBLN1/FURIN/THBS1/IL13RA2/SERPINB7",7
"GO:0120178","steroid hormone biosynthetic process","7/641","28/12837",0.25,5.00663026521061,4.86559359652385,0.000353401429177507,0.00565579263982142,0.0039366980472845,"DAB2/DKK3/CACNA1H/AKR1B1/BMP2/ADM/HSD17B2",7
"GO:0050680","negative regulation of epithelial cell proliferation","12/641","76/12837",0.157894736842105,3.1620822727646,4.33382947425345,0.000356733565470745,0.00568707680242744,0.00395847329784354,"MCC/FBXW7/DAB2/CDKN2B/APOE/MEF2C/SNAI2/CCL2/SPARC/ATOH8/THBS1/EREG",12
"GO:0048010","vascular endothelial growth factor receptor signaling pathway","9/641","46/12837",0.195652173913043,3.91823238146917,4.54550039344443,0.000381474940350373,0.00605811549502574,0.0042167337026424,"HSPB1/AXL/TMEM204/VEGFD/NRP1/VAV1/EMILIN1/PRKD1/IL1B",9
"GO:0003002","regionalization","19/641","160/12837",0.11875,2.37814937597504,4.02145487735699,0.000393146194516618,0.00620617917402733,0.00431979299655912,"HOXA3/BASP1/GREM1/FOXD1/MEF2C/CYP26B1/HOXB3/TCAP/C3/ARL13B/GREM2/WNT2B/BMP2/MICOS10-NBL1/NRP1/NBL1/TBX2/CITED2/WNT5A",19
"GO:0050819","negative regulation of coagulation","8/641","37/12837",0.216216216216216,4.33005860774972,4.65032081946057,0.000393804539499918,0.00620617917402733,0.00431979299655912,"PLAT/APOE/PLAU/FAP/PROS1/TFPI/THBS1/PDGFRA",8
"GO:0042730","fibrinolysis","5/641","14/12837",0.357142857142857,7.15232895030087,5.28012137602823,0.000419679512248263,0.00653908190970973,0.0045515089792614,"PLAT/PLAU/FAP/PROS1/THBS1",5
"GO:0072537","fibroblast activation","5/641","14/12837",0.357142857142857,7.15232895030087,5.28012137602823,0.000419679512248263,0.00653908190970973,0.0045515089792614,"ACTA2/MDM2/DDR2/CYGB/ZEB2",5
"GO:2001026","regulation of endothelial cell chemotaxis","5/641","14/12837",0.357142857142857,7.15232895030087,5.28012137602823,0.000419679512248263,0.00653908190970973,0.0045515089792614,"FGF2/HSPB1/FGFR1/THBS1/PRKD1",5
"GO:0097190","apoptotic signaling pathway","40/641","459/12837",0.0871459694989107,1.74523059353747,3.7274080615163,0.000424655618195475,0.00657991736202623,0.00457993237729451,"FGF2/HSPB1/CLU/HIC1/FBXW7/LRRK2/PDE3A/HMOX1/ADORA1/BDNF/SNAI2/NRG1/HGF/BEX3/GSDME/PTGS2/GDNF/MDM2/FZD1/SCN2A/CEBPB/AEN/CASP1/NRP1/INHBA/BCL2A1/ITM2C/LCK/PEA15/CD40LG/ATP2A3/TRIAP1/THBS1/BLOC1S2/FAS/NR4A2/PHLDA3/CDKN1A/WNT5A/IL1B",40
"GO:0048638","regulation of developmental growth","19/641","161/12837",0.118012422360248,2.36337826183855,3.99092300349229,0.000425487511664084,0.00657991736202623,0.00457993237729451,"FGF2/BASP1/RGS4/BDNF/APOE/MEF2C/NRG1/PLCB1/ARHGAP4/FGF13/RGS2/LIN7A/TRPV2/NRP1/AKAP6/GDF15/TBX2/SYT1/CDKN1A",19
"GO:0048880","sensory system development","20/641","174/12837",0.114942528735632,2.30189897251062,3.96386418828697,0.00042940137667213,0.00659328026181862,0.00458923358490038,"FGF2/SAMD11/CACNA1C/COL5A2/THY1/TWIST1/SGCB/C3/WNT2B/COL4A1/PBX1/ZEB2/NRP1/FBN1/INHBA/FBN2/TBX2/PXDN/PDGFRA/WNT5A",20
"GO:0060421","positive regulation of heart growth","6/641","21/12837",0.285714285714286,5.7218631602407,4.96457363046324,0.000431142085418026,0.00659328026181862,0.00458923358490038,"FGF2/BASP1/MEF2C/NRG1/AKAP6/TBX2",6
"GO:0099170","postsynaptic modulation of chemical synaptic transmission","6/641","21/12837",0.285714285714286,5.7218631602407,4.96457363046324,0.000431142085418026,0.00659328026181862,0.00458923358490038,"CLMP/PLCB1/INA/MDM2/RASGRF2/WNT5A",6
"GO:0090288","negative regulation of cellular response to growth factor stimulus","11/641","67/12837",0.164179104477612,3.28793629357115,4.30448344061371,0.000441235660571463,0.00672273816420506,0.00467934238201964,"FGF2/DCN/GREM1/GPC1/GREM2/TNFAIP6/MICOS10-NBL1/FBN1/NBL1/THBS1/EMILIN1",11
"GO:0014911","positive regulation of smooth muscle cell migration","7/641","29/12837",0.241379310344828,4.83398784227231,4.7385365189867,0.000446004863989401,0.00677041942430969,0.0047125307846892,"ADAMTS1/MDM2/DDR2/IGFBP5/NRP1/LPAR1/ITGA2",7
"GO:0008406","gonad development","13/641","89/12837",0.146067415730337,2.92522217742642,4.17820739024129,0.000449767171905443,0.00680252253772006,0.00473487606357806,"BASP1/HYAL3/SALL1/WNT2B/MMP14/CEBPB/TNFAIP6/TCF21/INHBA/CITED2/EREG/PDGFRA/WNT5A",13
"GO:0030595","leukocyte chemotaxis","19/641","162/12837",0.117283950617284,2.34878950713584,3.96061714466334,0.000460113047140067,0.0068801041060405,0.0047888764889759,"GREM1/SAA1/CXCL6/CCL2/C3/VEGFD/CXCL8/TNFAIP6/JAM3/MICOS10-NBL1/NBL1/SWAP70/EDNRB/CD4/THBS1/SBDS/RARRES2/IL6/WNT5A",19
"GO:0048144","fibroblast proliferation","10/641","57/12837",0.175438596491228,3.51342474751622,4.3598650709566,0.000461561840003202,0.0068801041060405,0.0047888764889759,"FTH1/DDR2/FBLN1/TP53INP1/SPHK1/EREG/PDGFRA/COL3A1/CDKN1A/WNT5A",10
"GO:0086003","cardiac muscle cell contraction","10/641","57/12837",0.175438596491228,3.51342474751622,4.3598650709566,0.000461561840003202,0.0068801041060405,0.0047888764889759,"CACNA2D1/KCNJ2/ADORA1/CACNA1C/SCN9A/FGF13/SCN2A/GJA1/STC1/KCNE5",10
"GO:1903036","positive regulation of response to wounding","10/641","57/12837",0.175438596491228,3.51342474751622,4.3598650709566,0.000461561840003202,0.0068801041060405,0.0047888764889759,"PLAT/DUOX2/CD36/PLAU/HRAS/FERMT2/DDR2/GRN/THBS1/EMILIN1",10
"GO:1901699","cellular response to nitrogen compound","40/641","461/12837",0.0867678958785249,1.73765909421626,3.69786604188338,0.000463286864192455,0.006880976482916,0.00478948370436744,"PRKAR2B/CACNA2D1/LRRK2/PDE3A/MTCL2/RGS4/SOCS2/INPP5K/MEF2C/SESN2/CD36/PLCB1/PDK4/GUCY1B1/LDOC1/HRAS/MDM2/DDR2/STAMBPL1/IGFBP5/CTSD/APLP1/FBN1/INHBA/AKAP6/GDF15/SORBS1/MMP3/LRP1/GJA1/CYBA/STC1/TRPA1/NR4A2/PRKD1/PRNP/RARRES2/LYNX1/SLC27A4/IL1B",40
"GO:0048662","negative regulation of smooth muscle cell proliferation","8/641","38/12837",0.210526315789474,4.21610969701946,4.55165978775443,0.000477302770795299,0.00698859269721202,0.00486438965790125,"HMOX1/APOE/MEF2C/BMP2/CNN1/IGFBP5/RGS5/CDKN1A",8
"GO:0060420","regulation of heart growth","8/641","38/12837",0.210526315789474,4.21610969701946,4.55165978775443,0.000477302770795299,0.00698859269721202,0.00486438965790125,"FGF2/BASP1/RGS4/MEF2C/NRG1/RGS2/AKAP6/TBX2",8
"GO:0072028","nephron morphogenesis","8/641","38/12837",0.210526315789474,4.21610969701946,4.55165978775443,0.000477302770795299,0.00698859269721202,0.00486438965790125,"FGF2/LIF/GREM1/SALL1/FOXD1/BMP2/GDNF/TCF21",8
"GO:0072088","nephron epithelium morphogenesis","8/641","38/12837",0.210526315789474,4.21610969701946,4.55165978775443,0.000477302770795299,0.00698859269721202,0.00486438965790125,"FGF2/LIF/GREM1/SALL1/FOXD1/BMP2/GDNF/TCF21",8
"GO:0045926","negative regulation of growth","18/641","150/12837",0.12,2.40318252730109,3.96292167529499,0.000488152231902087,0.00712219281103786,0.0049573816292674,"DAB2/RGS4/SESN2/ARHGAP4/FRZB/MT2A/FGF13/ZC3H12D/RGS2/DCBLD2/IGFBP5/OSGIN1/WFDC1/INHBA/GDF15/FHL1/GJA1/CDKN1A",18
"GO:0070482","response to oxygen levels","26/641","257/12837",0.101167315175097,2.02602936802297,3.80908964772894,0.000490903294201402,0.007137111625907,0.00496776582704538,"SIRT2/ADORA1/DRAM1/TWIST1/GUCY1B1/VEGFD/BMP2/MMP14/PTGS2/MDM2/DDR2/SCN2A/KCNMA1/SLC29A1/CYGB/ZEB2/LPAR1/ITGA2/INHBA/CITED2/COL1A1/THBS1/CYBA/STC1/FAS/FMN2",26
"GO:0060048","cardiac muscle contraction","13/641","90/12837",0.144444444444444,2.89271970878835,4.13084336347728,0.000502226389518335,0.007276114955513,0.00506451869106893,"CACNA2D1/KCNJ2/ADORA1/CACNA1C/SCN9A/TCAP/FGF13/UCN/SCN2A/RGS2/GJA1/STC1/KCNE5",13
"GO:0035265","organ growth","12/641","79/12837",0.151898734177215,3.04200319911531,4.17362885230811,0.000513770605133685,0.00741733856152791,0.00516281697204107,"FGF2/BASP1/RGS4/MEF2C/NRG1/FGF7/DDR2/RGS2/FBLN5/AKAP6/TBX2/STC1",12
"GO:0043534","blood vessel endothelial cell migration","14/641","102/12837",0.137254901960784,2.74873818482151,4.06500014664453,0.000527084529855807,0.00753056063589837,0.00524162486820499,"FGF2/HSPB1/GREM1/HMOX1/APOE/MEF2C/PTGS2/JCAD/NRP1/FGFR1/MICALL1/THBS1/PLK2/PRKD1",14
"GO:0071772","response to BMP","14/641","102/12837",0.137254901960784,2.74873818482151,4.06500014664453,0.000527084529855807,0.00753056063589837,0.00524162486820499,"GREM1/FOXD1/FST/CCN1/GREM2/BMP2/TNFAIP6/MICOS10-NBL1/TWSG1/FBN1/FSTL1/NBL1/RGMB/TMEM100",14
"GO:0071773","cellular response to BMP stimulus","14/641","102/12837",0.137254901960784,2.74873818482151,4.06500014664453,0.000527084529855807,0.00753056063589837,0.00524162486820499,"GREM1/FOXD1/FST/CCN1/GREM2/BMP2/TNFAIP6/MICOS10-NBL1/TWSG1/FBN1/FSTL1/NBL1/RGMB/TMEM100",14
"GO:0061045","negative regulation of wound healing","9/641","48/12837",0.1875,3.75497269890796,4.38384091417353,0.000531211572197598,0.00756335372966856,0.00526445040592017,"FGF2/PLAT/APOE/PLAU/FAP/PROS1/TFPI/THBS1/PDGFRA",9
"GO:0060675","ureteric bud morphogenesis","7/641","30/12837",0.233333333333333,4.67285491419657,4.61716991124063,0.000556986017910184,0.00787601119161352,0.00548207472461276,"FGF2/GREM1/SALL1/FOXD1/BMP2/GDNF/TCF21",7
"GO:0085029","extracellular matrix assembly","7/641","30/12837",0.233333333333333,4.67285491419657,4.61716991124063,0.000556986017910184,0.00787601119161352,0.00548207472461276,"FBLN5/COL8A1/FBN1/PXDN/EMILIN1/MFAP4/COL3A1",7
"GO:0045137","development of primary sexual characteristics","13/641","91/12837",0.142857142857143,2.86093158012035,4.08412763683258,0.000559774161686505,0.00788842154813508,0.00549071291724035,"BASP1/HYAL3/SALL1/WNT2B/MMP14/CEBPB/TNFAIP6/TCF21/INHBA/CITED2/EREG/PDGFRA/WNT5A",13
"GO:0046622","positive regulation of organ growth","6/641","22/12837",0.272727272727273,5.46177847113885,4.80170195821113,0.000568017162822922,0.00797735668467974,0.00555261596083946,"FGF2/BASP1/MEF2C/NRG1/AKAP6/TBX2",6
"GO:0001706","endoderm formation","8/641","39/12837",0.205128205128205,4.10800432017281,4.45633699610575,0.000574593386528143,0.00801518950329292,0.00557894938440049,"COL5A2/COL7A1/ITGB5/MMP14/COL4A2/COL6A1/COL8A1/INHBA",8
"GO:0051966","regulation of synaptic transmission, glutamatergic","8/641","39/12837",0.205128205128205,4.10800432017281,4.45633699610575,0.000574593386528143,0.00801518950329292,0.00557894938440049,"LRRK2/ADORA1/MEF2C/CCL2/TSHZ3/UCN/GRIK1/SYT1",8
"GO:0051216","cartilage development","14/641","103/12837",0.135922330097087,2.7220514063281,4.02269830492905,0.000582659959975908,0.00810034671629806,0.00563822281528782,"FGF2/LUM/HYAL3/GREM1/MEF2C/SNAI2/CHI3L1/WNT2B/BMP2/TGFBI/STC1/COL3A1/TIMP1/WNT5A",14
"GO:0048143","astrocyte activation","5/641","15/12837",0.333333333333333,6.67550702028081,5.04205489351236,0.000603801172943214,0.0083660907485991,0.00582319317747387,"IFNGR1/GRN/ZEB2/LRP1/IL6",5
"GO:0007389","pattern specification process","20/641","179/12837",0.111731843575419,2.23760011852988,3.82260543748503,0.000619567400756077,0.00855583209940415,0.00595526209385249,"HOXA3/BASP1/GREM1/FOXD1/MEF2C/CYP26B1/HOXB3/TCAP/C3/ARL13B/GREM2/WNT2B/BMP2/MICOS10-NBL1/NRP1/NBL1/TBX2/CITED2/STC1/WNT5A",20
"GO:0070509","calcium ion import","9/641","49/12837",0.183673469387755,3.67834060301188,4.30623466322761,0.000622408367412794,0.00856446450264418,0.00596127065306648,"CACNA2D1/CACNA1C/CCL2/CACNA1H/UCN/TRPV2/NALF1/STC1/PRNP",9
"GO:0032870","cellular response to hormone stimulus","40/641","468/12837",0.0854700854700855,1.71166846673867,3.59557635706541,0.000624340957930709,0.00856446450264418,0.00596127065306648,"PRKAR2B/PDE3A/IGFBP2/DAB2/KANK2/MTCL2/AKR1C2/SOCS2/INPP5K/MEF2C/SNAI2/CYP26B1/PLCB1/PDK4/CACNA1H/VPS18/CTSL/HRAS/MDM2/DDR2/LBH/CTSD/TCF21/FBN1/IGFBP7/INHBA/TFPI/GDF15/SORBS1/TBX2/NR3C1/CYBA/STC1/AKR1C1/NR4A2/PRKD1/CTSB/RARRES2/SLC27A4/IL1B",40
"GO:0043010","camera-type eye development","16/641","128/12837",0.125,2.5033151326053,3.91863204152057,0.00062955425481817,0.00860738251041133,0.00599114360777502,"FGF2/SAMD11/CACNA1C/THY1/TWIST1/SGCB/WNT2B/COL4A1/ZEB2/NRP1/FBN1/INHBA/FBN2/TBX2/PDGFRA/WNT5A",16
"GO:0045834","positive regulation of lipid metabolic process","14/641","104/12837",0.134615384615385,2.6958778351134,3.98089777273238,0.000643131251569546,0.00871417145415914,0.00606547374204544,"RDH10/SIRT2/DAB2/ADORA1/APOE/TWIST1/SPATA18/PTGS2/ADM/SCAP/GNAI1/GDF15/SORBS1/IL1B",14
"GO:0043270","positive regulation of monoatomic ion transport","15/641","116/12837",0.129310344827586,2.58963634407445,3.94276881589315,0.000643746227788394,0.00871417145415914,0.00606547374204544,"TRPC6/KCNJ2/ADORA1/THY1/CCL2/LPAR3/FGF13/UCN/TRPV2/AKAP6/FHL1/CD4/STC1/TRPA1/KCNE5",15
"GO:0003205","cardiac chamber development","12/641","81/12837",0.148148148148148,2.96689200901369,4.07099839523508,0.000647917325363733,0.00871417145415914,0.00606547374204544,"SALL1/MEF2C/NRG1/HAND2/BMP2/NRP1/ADAMTS19/TEK/TBX2/CITED2/FOXF1/WNT5A",12
"GO:0007044","cell-substrate junction assembly","12/641","81/12837",0.148148148148148,2.96689200901369,4.07099839523508,0.000647917325363733,0.00871417145415914,0.00606547374204544,"GREM1/THY1/CDH11/MMP14/FERMT2/NRP1/ITGA2/TRIP6/TEK/SORBS1/THBS1/COL16A1",12
"GO:0071482","cellular response to light stimulus","12/641","81/12837",0.148148148148148,2.96689200901369,4.07099839523508,0.000647917325363733,0.00871417145415914,0.00606547374204544,"FBXW7/HYAL3/XPC/PCNA/SMPD1/MDM2/MMP1/MMP3/TRIAP1/MFAP4/CDKN1A/TIMP1",12
"GO:0055080","monoatomic cation homeostasis","31/641","334/12837",0.092814371257485,1.85874896073687,3.6455873065665,0.00065892955205278,0.00883350688449976,0.00614853682188434,"SLC4A5/TRPC6/ATP6V1B2/FTH1/KCNJ2/FTL/LRRK2/HMOX1/ADORA1/SLC4A2/SLC22A17/ATP6V0E1/PDK4/MCOLN1/MT2A/NT5E/BMP2/DMPK/GRN/KCNMA1/CYBRD1/ISCU/EDNRB/FGFR1/ATP13A1/ATP2A3/STC1/TRPA1/ATP6V0A1/PRNP/WNT5A",31
"GO:2001234","negative regulation of apoptotic signaling pathway","19/641","167/12837",0.11377245508982,2.27846646800004,3.81236462408597,0.000672341617272363,0.00898413766251647,0.00625338293761783,"FGF2/HSPB1/CLU/LRRK2/HMOX1/BDNF/SNAI2/NRG1/HGF/PTGS2/GDNF/MDM2/FZD1/NRP1/PEA15/TRIAP1/THBS1/NR4A2/IL1B",19
"GO:0010762","regulation of fibroblast migration","7/641","31/12837",0.225806451612903,4.52211765889991,4.501042556131,0.000688844921896057,0.00911615603368211,0.0063452739415974,"FGF2/ACTA2/ARHGAP4/DDR2/CYGB/ZEB2/THBS1",7
"GO:0035850","epithelial cell differentiation involved in kidney development","7/641","31/12837",0.225806451612903,4.52211765889991,4.501042556131,0.000688844921896057,0.00911615603368211,0.0063452739415974,"BASP1/LIF/GREM1/SALL1/MEF2C/ACTA2/GDNF",7
"GO:0072171","mesonephric tubule morphogenesis","7/641","31/12837",0.225806451612903,4.52211765889991,4.501042556131,0.000688844921896057,0.00911615603368211,0.0063452739415974,"FGF2/GREM1/SALL1/FOXD1/BMP2/GDNF/TCF21",7
"GO:0006816","calcium ion transport","26/641","263/12837",0.0988593155893536,1.97980816571066,3.68058932265308,0.000696070492660251,0.00918234844790471,0.00639134697934997,"FGF2/TRPC6/CACNA2D1/RGS4/PANX1/CACNA1C/INPP5K/THY1/PLCB1/CCL2/CACNA1H/MCOLN1/LPAR3/UCN/TRPV2/AKAP6/EDNRB/LCK/CD4/NALF1/ATP2A3/STC1/TRPA1/PLCL1/PRNP/SLC3A2",26
"GO:0032602","chemokine production","10/641","60/12837",0.166666666666667,3.33775351014041,4.16097452298972,0.000704345355952548,0.00923251420548594,0.00642626470927523,"SIRPA/HMOX1/IL33/SNAI2/TWIST1/CXCL8/IL4R/IL6/WNT5A/IL1B",10
"GO:0032642","regulation of chemokine production","10/641","60/12837",0.166666666666667,3.33775351014041,4.16097452298972,0.000704345355952548,0.00923251420548594,0.00642626470927523,"SIRPA/HMOX1/IL33/SNAI2/TWIST1/CXCL8/IL4R/IL6/WNT5A/IL1B",10
"GO:0001654","eye development","19/641","168/12837",0.113095238095238,2.26490416759528,3.78334771241289,0.000723658397615547,0.00939720487690269,0.00654089717299171,"FGF2/SAMD11/CACNA1C/COL5A2/THY1/TWIST1/SGCB/WNT2B/COL4A1/PBX1/ZEB2/NRP1/FBN1/INHBA/FBN2/TBX2/PXDN/PDGFRA/WNT5A",19
"GO:0046683","response to organophosphorus","12/641","82/12837",0.146341463414634,2.93071039914767,4.02086036757478,0.000725292622073894,0.00939720487690269,0.00654089717299171,"DUOX2/PDE3A/INPP5K/CDO1/NT5E/AREG/IGFBP5/LPAR1/FBN1/AKAP6/COL1A1/STC1",12
"GO:0001523","retinoid metabolic process","9/641","50/12837",0.18,3.60477379095164,4.23063778706993,0.00072601316438168,0.00939720487690269,0.00654089717299171,"RDH10/APOE/CYP26B1/AKR1B1/DHRS9/CES2/LRP1/AKR1C1/RARRES2",9
"GO:0002042","cell migration involved in sprouting angiogenesis","9/641","50/12837",0.18,3.60477379095164,4.23063778706993,0.00072601316438168,0.00939720487690269,0.00654089717299171,"FGF2/GREM1/HMOX1/PTGS2/JCAD/NRP1/MICALL1/THBS1/PLK2",9
"GO:0070167","regulation of biomineral tissue development","11/641","71/12837",0.154929577464789,3.10270044604601,4.07299917639822,0.000733820044212876,0.00946857175798427,0.00659057188337917,"GREM1/ISG15/SLC4A2/MEF2C/TWIST1/CCN1/ECM1/BMP2/DDR2/CEBPB/FBN2",11
"GO:0035767","endothelial cell chemotaxis","6/641","23/12837",0.260869565217391,5.2243098419589,4.64849624365425,0.000736372471360325,0.00947190633721739,0.00659289290757357,"FGF2/HSPB1/NRP1/FGFR1/THBS1/PRKD1",6
"GO:0007423","sensory organ development","24/641","237/12837",0.10126582278481,2.02800213274354,3.66199778467621,0.00078628609659285,0.0100825319653164,0.00701791710326882,"FGF2/SAMD11/CACNA1C/COL5A2/THY1/TWIST1/SGCB/CYP26B1/GLI3/TCAP/SPARC/WNT2B/BMP2/COL4A1/PBX1/ZEB2/NRP1/FBN1/INHBA/FBN2/TBX2/PXDN/PDGFRA/WNT5A",24
"GO:0019731","antibacterial humoral response","8/641","41/12837",0.195121951219512,3.90761386553023,4.27490733305552,0.00081715995598425,0.0104459859388823,0.00727089818640481,"H2BC5/PI3/IGHG2/H2BC12/ADM/IGHG1/H2BC11/IGHM",8
"GO:0034308","primary alcohol metabolic process","11/641","72/12837",0.152777777777778,3.05960738429537,4.01768089623175,0.00082792509425645,0.0105315090846396,0.00733042632372195,"RDH10/DAB2/AKR1C2/DKK3/CACNA1H/AKR1B1/BMP2/DHRS9/EDNRB/CES2/AKR1C1",11
"GO:0070663","regulation of leukocyte proliferation","19/641","170/12837",0.111764705882353,2.2382582362118,3.72592374104625,0.000836475971490449,0.0105315090846396,0.00733042632372195,"SCRIB/IGFBP2/GREM1/SLC4A2/CD1D/IL33/MEF2C/IL27RA/TNFSF8/CEBPB/TWSG1/TNFRSF4/SASH3/IL6ST/CD4/CD40LG/PRNP/IL6/IL1B",19
"GO:0002274","myeloid leukocyte activation","18/641","157/12837",0.114649681528662,2.29603426175264,3.74577634910933,0.000842404100744162,0.0105315090846396,0.00733042632372195,"CLU/LRRK2/GAB2/IL33/CXCL6/IFNGR1/CXCL8/GRN/GNAI1/SYT11/IL4R/SPHK1/UNC13D/GPR137B/THBS1/IL6/WNT5A/IL1B",18
"GO:0061448","connective tissue development","18/641","157/12837",0.114649681528662,2.29603426175264,3.74577634910933,0.000842404100744162,0.0105315090846396,0.00733042632372195,"FGF2/LUM/HYAL3/GREM1/FOXD1/MEF2C/SNAI2/ACTA2/CHI3L1/WNT2B/BMP2/HRAS/TGFBI/STC1/SERPINB7/COL3A1/TIMP1/WNT5A",18
"GO:0002689","negative regulation of leukocyte chemotaxis","5/641","16/12837",0.3125,6.25828783151326,4.8247915790609,0.000842422281254431,0.0105315090846396,0.00733042632372195,"GREM1/CCL2/TNFAIP6/MICOS10-NBL1/NBL1",5
"GO:2001014","regulation of skeletal muscle cell differentiation","5/641","16/12837",0.3125,6.25828783151326,4.8247915790609,0.000842422281254431,0.0105315090846396,0.00733042632372195,"SIRT2/MEF2C/CYP26B1/GPC1/RBM24",5
"GO:0090303","positive regulation of wound healing","9/641","51/12837",0.176470588235294,3.53409195191337,4.15695447880738,0.000843256151786742,0.0105315090846396,0.00733042632372195,"PLAT/DUOX2/CD36/PLAU/HRAS/FERMT2/DDR2/THBS1/EMILIN1",9
"GO:0048146","positive regulation of fibroblast proliferation","7/641","32/12837",0.21875,4.38080148205928,4.38975244070942,0.000844255148223713,0.0105315090846396,0.00733042632372195,"DDR2/FBLN1/SPHK1/EREG/PDGFRA/CDKN1A/WNT5A",7
"GO:0014074","response to purine-containing compound","13/641","95/12837",0.136842105263158,2.74047130306265,3.90341772985604,0.000848890482603534,0.0105574361526205,0.00734847278411963,"DUOX2/PDE3A/ADORA1/INPP5K/CDO1/NT5E/AREG/IGFBP5/FBN1/AKAP6/COL1A1/STC1/TRPA1",13
"GO:0050801","monoatomic ion homeostasis","31/641","340/12837",0.0911764705882353,1.82594750848858,3.53854059398925,0.000885353731226763,0.0109778545232291,0.00764110377044058,"SLC4A5/TRPC6/ATP6V1B2/FTH1/KCNJ2/FTL/LRRK2/HMOX1/ADORA1/SLC4A2/SLC22A17/ATP6V0E1/PDK4/MCOLN1/MT2A/NT5E/BMP2/DMPK/GRN/KCNMA1/CYBRD1/ISCU/EDNRB/FGFR1/ATP13A1/ATP2A3/STC1/TRPA1/ATP6V0A1/PRNP/WNT5A",31
"GO:0042180","ketone metabolic process","18/641","158/12837",0.113924050632911,2.28150239933648,3.71569987052899,0.000907665624600751,0.0112208124669955,0.00781021394185372,"RDH10/SIRT2/DAB2/AKR1C2/TWIST1/DKK3/PDK4/CACNA1H/AKR1B1/BMP2/PTGS2/ADM/DHRS9/GDF15/EDNRB/FDXR/AKR1C1/IL1B",18
"GO:0044344","cellular response to fibroblast growth factor stimulus","10/641","62/12837",0.161290322580645,3.23008404207136,4.03526240690316,0.000918339473251303,0.0113188766718049,0.00787847124691532,"FGF2/FLRT2/FGF7/CCL2/GPC1/CXCL8/TBX2/FGFR1/COL1A1/THBS1",10
"GO:0043524","negative regulation of neuron apoptotic process","13/641","96/12837",0.135416666666667,2.71192472698908,3.85970119800465,0.000938090637528077,0.0114615157734106,0.00797775477948408,"FGF2/CLU/BDNF/MEF2C/CCL2/IL27RA/AGAP2/GDNF/FZD1/UCN/GRN/NRP1/IL6ST",13
"GO:0009792","embryo development ending in birth or egg hatching","20/641","185/12837",0.108108108108108,2.16502930387486,3.65913373908591,0.000940357378105743,0.0114615157734106,0.00797775477948408,"FGF2/SCRIB/HOXA3/PRICKLE2/TWIST1/HAND2/HOXB3/TCAP/ARL13B/BMP2/TRIP6/TBX2/FGFR1/COL1A1/FURIN/FOXF1/PDGFRA/COL3A1/DACT1/WNT5A",20
"GO:0006958","complement activation, classical pathway","6/641","24/12837",0.25,5.00663026521061,4.50396115442249,0.000940832801041285,0.0114615157734106,0.00797775477948408,"CLU/C3/C1R/IGHG2/IGHG1/C1S",6
"GO:0120254","olefinic compound metabolic process","14/641","108/12837",0.12962962962963,2.59603050788698,3.81848495843903,0.000941015705300606,0.0114615157734106,0.00797775477948408,"PTGS1/RDH10/DAB2/AKR1C2/DKK3/CACNA1H/AKR1B1/BMP2/PTGS2/ADM/DHRS9/EDNRB/CES2/AKR1C1",14
"GO:0043009","chordate embryonic development","19/641","172/12837",0.11046511627907,2.2122319776512,3.66929410918333,0.000964074601024866,0.0116969044980956,0.00814159641793027,"SCRIB/HOXA3/PRICKLE2/TWIST1/HAND2/HOXB3/TCAP/ARL13B/BMP2/TRIP6/TBX2/FGFR1/COL1A1/FURIN/FOXF1/PDGFRA/COL3A1/DACT1/WNT5A",19
"GO:0030219","megakaryocyte differentiation","8/641","42/12837",0.19047619047619,3.81457544016046,4.18844247312488,0.000966007370755779,0.0116969044980956,0.00814159641793027,"H4C8/CDKN2B/MEF2C/MXRA7/H4C9/FAXDC2/IL6ST/IL11",8
"GO:0034309","primary alcohol biosynthetic process","4/641","10/12837",0.4,8.01060842433697,5.08426670393753,0.00101576721706284,0.0121921594164316,0.00848631716603445,"DAB2/DKK3/CACNA1H/BMP2",4
"GO:0042448","progesterone metabolic process","4/641","10/12837",0.4,8.01060842433697,5.08426670393753,0.00101576721706284,0.0121921594164316,0.00848631716603445,"AKR1C2/ADM/DHRS9/AKR1C1",4
"GO:0051917","regulation of fibrinolysis","4/641","10/12837",0.4,8.01060842433697,5.08426670393753,0.00101576721706284,0.0121921594164316,0.00848631716603445,"PLAT/PLAU/FAP/THBS1",4
"GO:1903115","regulation of actin filament-based movement","7/641","33/12837",0.212121212121212,4.24804992199688,4.28294003555235,0.00102605892579943,0.0122485209607287,0.00852554745531591,"KCNJ2/ADORA1/CACNA1C/ACTA2/FGF13/ZEB2/STC1",7
"GO:0042325","regulation of phosphorylation","32/641","358/12837",0.0893854748603352,1.7900800948239,3.47582499912739,0.00102639579859824,0.0122485209607287,0.00852554745531591,"FGF2/HSPB1/PRKAR2B/TNFRSF18/SIRT2/RASSF2/LIF/NEK10/THY1/NRG1/FGF7/SESN2/C3/AGAP2/BMP2/AREG/CACTIN/FAXDC2/DDR2/FBLN1/NRP1/IL4R/INHBA/IL11/FGFR1/THBS1/EREG/RARRES2/IL6/MAD2L2/CDKN1A/WNT5A",32
"GO:0070661","leukocyte proliferation","21/641","200/12837",0.105,2.10278471138846,3.60345333914229,0.00103407669251205,0.0122803214794415,0.00854768211404405,"SCRIB/CLU/IGFBP2/GREM1/SLC4A2/CD1D/IL33/MEF2C/IL27RA/TNFSF8/CEBPB/TWSG1/TNFRSF4/SASH3/IL6ST/VAV1/CD4/CD40LG/PRNP/IL6/IL1B",21
"GO:0030856","regulation of epithelial cell differentiation","13/641","97/12837",0.134020618556701,2.6839667401129,3.81654004694182,0.00103500893069645,0.0122803214794415,0.00854768211404405,"FGF2/S1PR3/ZEB1/LIF/PLCB1/ABCA12/BMP2/GDNF/CEBPB/ATOH8/ZEB2/TMEM100/IL1B",13
"GO:0016101","diterpenoid metabolic process","9/641","53/12837",0.169811320754717,3.40072999146381,4.01497673358825,0.00112393159640371,0.0132214061582647,0.00920272137262078,"RDH10/APOE/CYP26B1/AKR1B1/DHRS9/CES2/LRP1/AKR1C1/RARRES2",9
"GO:0050810","regulation of steroid biosynthetic process","9/641","53/12837",0.169811320754717,3.40072999146381,4.01497673358825,0.00112393159640371,0.0132214061582647,0.00920272137262078,"DAB2/APOE/SNAI2/DKK3/BMP2/ADM/SCAP/GNAI1/IGFBP7",9
"GO:0072080","nephron tubule development","9/641","53/12837",0.169811320754717,3.40072999146381,4.01497673358825,0.00112393159640371,0.0132214061582647,0.00920272137262078,"FGF2/LIF/GREM1/SALL1/FOXD1/MEF2C/BMP2/GDNF/TCF21",9
"GO:0007492","endoderm development","8/641","43/12837",0.186046511627907,3.72586438341255,4.10459640883943,0.00113578765290831,0.0133151643554186,0.00926798149355485,"COL5A2/COL7A1/ITGB5/MMP14/COL4A2/COL6A1/COL8A1/INHBA",8
"GO:0002688","regulation of leukocyte chemotaxis","13/641","98/12837",0.13265306122449,2.65657932439747,3.77392067027474,0.00114015789512989,0.0133151643554186,0.00926798149355485,"GREM1/CCL2/VEGFD/CXCL8/TNFAIP6/JAM3/MICOS10-NBL1/NBL1/SWAP70/THBS1/RARRES2/IL6/WNT5A",13
"GO:0010894","negative regulation of steroid biosynthetic process","5/641","17/12837",0.294117647058824,5.89015325318895,4.62528053540218,0.00114480100415926,0.0133151643554186,0.00926798149355485,"APOE/SNAI2/DKK3/BMP2/SCAP",5
"GO:0120255","olefinic compound biosynthetic process","5/641","17/12837",0.294117647058824,5.89015325318895,4.62528053540218,0.00114480100415926,0.0133151643554186,0.00926798149355485,"DAB2/DKK3/CACNA1H/BMP2/ADM",5
"GO:0050867","positive regulation of cell activation","27/641","287/12837",0.0940766550522648,1.88402811373779,3.47232464836972,0.00117556582565279,0.013634582286855,0.00949031141741024,"SIRPA/AXL/LRRK2/IGFBP2/THY1/CD1D/IL33/MEF2C/ACTA2/GLI3/CCL2/MMP14/DDR2/IL4R/TNFRSF4/SVEP1/SASH3/IL6ST/LCK/VAV1/CD4/CD40LG/THBS1/IL6/MAD2L2/WNT5A/IL1B",27
"GO:1903035","negative regulation of response to wounding","10/641","64/12837",0.15625,3.12914391575663,3.91456681231455,0.0011829412511652,0.0136816930701992,0.00952310274138688,"FGF2/PLAT/APOE/IL33/PLAU/FAP/PROS1/TFPI/THBS1/PDGFRA",10
"GO:0048708","astrocyte differentiation","7/641","34/12837",0.205882352941176,4.12310727723227,4.18028266525002,0.00123726090872197,0.0142302236549109,0.00990490586240417,"IFNGR1/BMP2/GRN/ZEB2/NR3C1/LRP1/IL6",7
"GO:0055021","regulation of cardiac muscle tissue growth","7/641","34/12837",0.205882352941176,4.12310727723227,4.18028266525002,0.00123726090872197,0.0142302236549109,0.00990490586240417,"FGF2/RGS4/MEF2C/NRG1/RGS2/AKAP6/TBX2",7
"GO:0007610","behavior","24/641","245/12837",0.0979591836734694,1.96178165493967,3.48455508889357,0.00124935347904123,0.0143293903193368,0.00997393053128123,"FGF2/SGIP1/LRRK2/ADORA1/APOE/MEF2C/PLCB1/PI3/FGF13/GDNF/UCN/MAP1A/SCN2A/CEBPB/GNAI1/SYT11/GDF15/GPR176/EDNRB/BRSK1/NR3C1/THBS1/PLK2/PRNP",24
"GO:0008277","regulation of G protein-coupled receptor signaling pathway","13/641","99/12837",0.131313131313131,2.62974518980759,3.73182993463789,0.0012540719446508,0.0143436649846625,0.00998386637063959,"RGS17/LRRK2/PDE3A/RGS4/ADORA1/PLCB1/C3/CXCL8/ADM/RGS2/APLP1/USP20/RGS5",13
"GO:0051051","negative regulation of transport","26/641","274/12837",0.0948905109489051,1.90032681599235,3.45353568856118,0.00127125714552775,0.0145000573311715,0.0100927228093954,"SIRPA/LRRK2/RGS4/LIF/RAB23/ADORA1/INPP5K/APOE/NRG1/RHBDF1/CD36/UCN/DPH3/RGS2/SYT11/ISCU/INHBA/IL11/PEA15/SYT1/GJA1/THBS1/STC1/PRKD1/KCNE5/IL1B",26
"GO:0007613","memory","9/641","54/12837",0.166666666666667,3.33775351014041,3.94652051154895,0.00129017748581507,0.0145949118874807,0.0101587460479366,"APOE/PLCB1/FGF13/MAP1A/SCN2A/CEBPB/SYT11/PLK2/PRNP",9
"GO:0048145","regulation of fibroblast proliferation","9/641","54/12837",0.166666666666667,3.33775351014041,3.94652051154895,0.00129017748581507,0.0145949118874807,0.0101587460479366,"FTH1/DDR2/FBLN1/TP53INP1/SPHK1/EREG/PDGFRA/CDKN1A/WNT5A",9
"GO:0060390","regulation of SMAD protein signal transduction","9/641","54/12837",0.166666666666667,3.33775351014041,3.94652051154895,0.00129017748581507,0.0145949118874807,0.0101587460479366,"DAB2/GREM1/BMP2/ATOH8/TWSG1/INHBA/GDF15/LRP1/EMILIN1",9
"GO:0003007","heart morphogenesis","16/641","137/12837",0.116788321167883,2.33886377352904,3.61185223870874,0.00131856267717881,0.0148752603663151,0.0103538817927331,"MEF2C/SNAI2/TWIST1/FLRT2/NRG1/HAND2/ADAMTS5/TCAP/BMP2/NRP1/ADAMTS19/TEK/TBX2/CITED2/FOXF1/WNT5A",16
"GO:0071774","response to fibroblast growth factor","10/641","65/12837",0.153846153846154,3.08100324012961,3.85598326969931,0.00133685205921795,0.0149957589866669,0.0104377545076024,"FGF2/FLRT2/FGF7/CCL2/GPC1/CXCL8/TBX2/FGFR1/COL1A1/THBS1",10
"GO:0072009","nephron epithelium development","10/641","65/12837",0.153846153846154,3.08100324012961,3.85598326969931,0.00133685205921795,0.0149957589866669,0.0104377545076024,"FGF2/BASP1/LIF/GREM1/SALL1/FOXD1/MEF2C/BMP2/GDNF/TCF21",10
"GO:0043434","response to peptide hormone","29/641","319/12837",0.0909090909090909,1.82059282371295,3.40244210166352,0.00134126413111423,0.0149957589866669,0.0104377545076024,"PRKAR2B/MTCL2/SOCS2/INPP5K/PLCB1/PDK4/CDO1/AREG/HRAS/MDM2/DDR2/IGFBP5/GNAI1/CTSD/FBN1/INHBA/GDF15/EDNRB/SORBS1/COL1A1/EREG/CYBA/NR4A2/PRKD1/COL3A1/RARRES2/TIMP1/SLC27A4/IL1B",29
"GO:0006937","regulation of muscle contraction","14/641","112/12837",0.125,2.5033151326053,3.66323943806718,0.00134740290241061,0.0149957589866669,0.0104377545076024,"CACNA2D1/KCNJ2/MYL9/ADORA1/CACNA1C/CNN1/FGF13/DMPK/UCN/RGS2/SPHK1/ITGA2/STC1/PRKD1",14
"GO:0030162","regulation of proteolysis","14/641","112/12837",0.125,2.5033151326053,3.66323943806718,0.00134740290241061,0.0149957589866669,0.0104377545076024,"PLAT/LRRK2/APOE/PLAU/ECM1/MMP14/MDM2/GRN/FURIN/GAS1/THBS1/PRNP/TIMP1/IL1B",14
"GO:0007369","gastrulation","12/641","88/12837",0.136363636363636,2.73088923556942,3.73514713036836,0.00136961065758709,0.0151611860728608,0.0105528995506866,"COL5A2/COL7A1/ITGB5/MMP14/COL4A2/ATOH8/COL6A1/ITGA8/COL8A1/ITGA2/INHBA/GJA1",12
"GO:0019730","antimicrobial humoral response","12/641","88/12837",0.136363636363636,2.73088923556942,3.73514713036836,0.00136961065758709,0.0151611860728608,0.0105528995506866,"H2BC5/CXCL6/CCL2/PI3/CXCL8/IGHG2/H2BC12/ADM/IGHG1/H2BC11/IGHM/RARRES2",12
"GO:0001667","ameboidal-type cell migration","18/641","164/12837",0.109756097560976,2.19803279936075,3.53985991610881,0.0013971260755777,0.0154244212996265,0.0107361236660633,"FGF2/MCC/KANK2/ACTA2/AMOTL1/FGF7/ARHGAP4/SYDE1/GDNF/DDR2/CYGB/ZEB2/NRP1/ITGA2/FBN2/GJA1/THBS1/TIMP1",18
"GO:0002694","regulation of leukocyte activation","36/641","426/12837",0.0845070422535211,1.69238206147964,3.33182651736924,0.00140404223270053,0.015459441010188,0.0107604990339318,"SIRPA/SCRIB/AXL/LRRK2/IGFBP2/SLC4A2/THY1/CD1D/IL33/MEF2C/GLI3/CCL2/IL27RA/MMP14/TNFSF8/CEBPB/GRN/SYT11/IL4R/TWSG1/TNFRSF4/SPHK1/SASH3/IL6ST/INHBA/LCK/VAV1/CD4/GPR137B/CD40LG/THBS1/PRNP/IL6/MAD2L2/WNT5A/IL1B",36
"GO:0090100","positive regulation of transmembrane receptor protein serine/threonine kinase signaling pathway","11/641","77/12837",0.142857142857143,2.86093158012035,3.75478948051751,0.00146105328016846,0.0159664082562497,0.0111133721137467,"DAB2/CDKN2B/FOXD1/CCN1/BMP2/ATOH8/ZEB2/TWSG1/INHBA/CITED2/THBS1",11
"GO:0017015","regulation of transforming growth factor beta receptor signaling pathway","14/641","113/12837",0.123893805309735,2.48116190134331,3.6254764229406,0.00146922984686983,0.0159664082562497,0.0111133721137467,"CDKN2B/DKK3/PPM1A/BMP2/SAP30L/ZEB2/TWSG1/FBN1/GDF15/FBN2/CITED2/VASN/THBS1/EMILIN1",14
"GO:0045807","positive regulation of endocytosis","14/641","113/12837",0.123893805309735,2.48116190134331,3.6254764229406,0.00146922984686983,0.0159664082562497,0.0111133721137467,"SIRPA/CLU/AXL/SGIP1/LRRK2/DAB2/GREM1/APOE/CCL2/C3/SMPD1/ITGA2/LRP1/CYBA",14
"GO:0060986","endocrine hormone secretion","6/641","26/12837",0.230769230769231,4.62150486019441,4.23759445742144,0.00147792440226568,0.0159664082562497,0.0111133721137467,"DAB2/FOXD1/UCN/INHBA/GJA1/IL1B",6
"GO:0061437","renal system vasculature development","6/641","26/12837",0.230769230769231,4.62150486019441,4.23759445742144,0.00147792440226568,0.0159664082562497,0.0111133721137467,"ACTA2/NRP1/TCF21/TEK/SERPINB7/PDGFRA",6
"GO:0061440","kidney vasculature development","6/641","26/12837",0.230769230769231,4.62150486019441,4.23759445742144,0.00147792440226568,0.0159664082562497,0.0111133721137467,"ACTA2/NRP1/TCF21/TEK/SERPINB7/PDGFRA",6
"GO:0043114","regulation of vascular permeability","7/641","35/12837",0.2,4.00530421216849,4.08148976646554,0.00148102067380568,0.0159664082562497,0.0111133721137467,"PDE3A/APOE/FERMT2/ADM/UCN/ZEB2/TEK",7
"GO:0046888","negative regulation of hormone secretion","7/641","35/12837",0.2,4.00530421216849,4.08148976646554,0.00148102067380568,0.0159664082562497,0.0111133721137467,"LIF/ADORA1/UCN/INHBA/IL11/GJA1/IL1B",7
"GO:0034599","cellular response to oxidative stress","21/641","206/12837",0.101941747572816,2.04153855474607,3.45481864428567,0.00150327915294187,0.0161641656835858,0.0112510205969229,"SIRPA/SIRT2/LRRK2/SRXN1/IL18RAP/PCNA/SESN2/CD36/HGF/MDM2/NDOR1/DDR2/FBLN5/SOD3/CYGB/GPR37/MMP3/TRPA1/PDGFRA/PRKD1/IL6",21
"GO:0001508","action potential","12/641","89/12837",0.134831460674157,2.70020508685516,3.68986475541239,0.00151296288912189,0.0161935566136151,0.0112714780684432,"CACNA2D1/KCNJ2/CACNA1C/CD36/SCN9A/FGF13/SCN2A/AKAP6/NALF1/GJA1/TRPA1/KCNE5",12
"GO:0030308","negative regulation of cell growth","15/641","126/12837",0.119047619047619,2.38410965010029,3.57932448174435,0.00152012486643121,0.0161935566136151,0.0112714780684432,"DAB2/RGS4/SESN2/ARHGAP4/FRZB/FGF13/ZC3H12D/RGS2/DCBLD2/OSGIN1/WFDC1/INHBA/FHL1/GJA1/CDKN1A",15
"GO:0055023","positive regulation of cardiac muscle tissue growth","5/641","18/12837",0.277777777777778,5.56292251690068,4.44106811244161,0.00152060263693157,0.0161935566136151,0.0112714780684432,"FGF2/MEF2C/NRG1/AKAP6/TBX2",5
"GO:0050670","regulation of lymphocyte proliferation","17/641","152/12837",0.111842105263158,2.23980827654159,3.52505786558406,0.00152763521956664,0.0161935566136151,0.0112714780684432,"SCRIB/IGFBP2/SLC4A2/CD1D/MEF2C/IL27RA/TNFSF8/CEBPB/TWSG1/TNFRSF4/SASH3/IL6ST/CD4/CD40LG/PRNP/IL6/IL1B",17
"GO:0072077","renal vesicle morphogenesis","4/641","11/12837",0.363636363636364,7.28237129485179,4.77869690823054,0.00153346588421495,0.0161935566136151,0.0112714780684432,"LIF/GREM1/SALL1/GDNF",4
"GO:1902931","negative regulation of alcohol biosynthetic process","4/641","11/12837",0.363636363636364,7.28237129485179,4.77869690823054,0.00153346588421495,0.0161935566136151,0.0112714780684432,"APOE/DKK3/BMP2/SCAP",4
"GO:2001028","positive regulation of endothelial cell chemotaxis","4/641","11/12837",0.363636363636364,7.28237129485179,4.77869690823054,0.00153346588421495,0.0161935566136151,0.0112714780684432,"FGF2/HSPB1/FGFR1/PRKD1",4
"GO:0009636","response to toxic substance","19/641","179/12837",0.106145251396648,2.12572011260339,3.47703895555184,0.00155028614134009,0.0163294170346766,0.0113660433200987,"PTGS1/DUOX2/INMT/SRXN1/APOE/SESN2/CD36/TXNRD1/MT2A/PTGS2/MDM2/ALOX5AP/FBLN5/SOD3/TP53INP1/CYGB/CES2/PXDN/TRPA1",19
"GO:0002009","morphogenesis of an epithelium","23/641","235/12837",0.0978723404255319,1.96004248680586,3.40517791361859,0.00158242271477651,0.0166255048074102,0.0115721343547202,"FGF2/SCRIB/LIF/GREM1/SALL1/FOXD1/MEF2C/TCAP/HGF/BMP2/ITGB5/FERMT2/GDNF/COL4A1/NRP1/TCF21/MMP12/KRT17/CARMIL2/TBX2/BRSK1/GJA1/WNT5A",23
"GO:0002040","sprouting angiogenesis","14/641","114/12837",0.12280701754386,2.45939732326135,3.58811512161333,0.00160011060907111,0.0167262195059611,0.0116422365282557,"FGF2/GREM1/HMOX1/VEGFD/ADGRA2/PTGS2/RECK/JCAD/NRP1/RSPO3/TEK/MICALL1/THBS1/PLK2",14
"GO:1903844","regulation of cellular response to transforming growth factor beta stimulus","14/641","114/12837",0.12280701754386,2.45939732326135,3.58811512161333,0.00160011060907111,0.0167262195059611,0.0116422365282557,"CDKN2B/DKK3/PPM1A/BMP2/SAP30L/ZEB2/TWSG1/FBN1/GDF15/FBN2/CITED2/VASN/THBS1/EMILIN1",14
"GO:0045446","endothelial cell differentiation","11/641","78/12837",0.141025641025641,2.8242529701188,3.70475255113111,0.00162606262736586,0.0169545772434182,0.0118011842684541,"S1PR3/ZEB1/NRG1/PLCB1/ATOH8/NRP1/FBN1/FSTL1/TMEM100/STC1/IL1B",11
"GO:0032944","regulation of mononuclear cell proliferation","17/641","153/12837",0.111111111111111,2.22516900676027,3.49501272841181,0.00164110011527711,0.0170682679495697,0.0118803183544087,"SCRIB/IGFBP2/SLC4A2/CD1D/MEF2C/IL27RA/TNFSF8/CEBPB/TWSG1/TNFRSF4/SASH3/IL6ST/CD4/CD40LG/PRNP/IL6/IL1B",17
"GO:0042063","gliogenesis","19/641","180/12837",0.105555555555556,2.11391055642226,3.45029591002505,0.00165472527760023,0.0171667353548024,0.0119488563059544,"CLU/MXRA8/SIRT2/IL33/IFNGR1/CCL2/GPC1/BMP2/AREG/MMP14/HRAS/GRN/ZEB2/LPAR1/NR3C1/LRP1/COL3A1/IL6/IL1B",19
"GO:0150115","cell-substrate junction organization","12/641","90/12837",0.133333333333333,2.67020280811232,3.64520227348856,0.00166846081213782,0.0172658513616969,0.0120178457148038,"GREM1/THY1/CDH11/MMP14/FERMT2/NRP1/ITGA2/TRIP6/TEK/SORBS1/THBS1/COL16A1",12
"GO:0003206","cardiac chamber morphogenesis","10/641","67/12837",0.149253731343284,2.98903299415559,3.74213198603242,0.00169359125910173,0.0174820957720776,0.0121683620088575,"MEF2C/NRG1/HAND2/BMP2/NRP1/ADAMTS19/TEK/TBX2/CITED2/FOXF1",10
"GO:0021872","forebrain generation of neurons","7/641","36/12837",0.194444444444444,3.89404576183047,3.98629887260422,0.00176064403210058,0.0180838288769733,0.0125871965895935,"SALL1/BMP2/NRP1/INHBA/FGFR1/BLOC1S2/WNT5A",7
"GO:0072078","nephron tubule morphogenesis","7/641","36/12837",0.194444444444444,3.89404576183047,3.98629887260422,0.00176064403210058,0.0180838288769733,0.0125871965895935,"FGF2/GREM1/SALL1/FOXD1/BMP2/GDNF/TCF21",7
"GO:0048545","response to steroid hormone","23/641","237/12837",0.0970464135021097,1.94350204387922,3.36098757431777,0.00176866693650827,0.0181211557837287,0.0126131778746746,"PDE3A/IGFBP2/DAB2/KANK2/PCNA/VPS18/CDO1/AREG/TXNIP/MDM2/UCN/LBH/TCF21/IGFBP7/INHBA/TFPI/TBX2/COL1A1/NR3C1/THBS1/CYBA/STC1/IL6",23
"GO:0050679","positive regulation of epithelial cell proliferation","15/641","128/12837",0.1171875,2.34685793681747,3.51080126323383,0.00178143956051183,0.0182064680522045,0.0126725592314722,"FGF2/HMOX1/FGF7/ECM1/AREG/HRAS/GRN/JCAD/NRP1/MMP12/TEK/FGFR1/CYBA/PRKD1/WNT5A",15
"GO:0046620","regulation of organ growth","8/641","46/12837",0.173913043478261,3.4828732279726,3.86737578072526,0.00179168706701731,0.0182064680522045,0.0126725592314722,"FGF2/BASP1/RGS4/MEF2C/NRG1/RGS2/AKAP6/TBX2",8
"GO:0035023","regulation of Rho protein signal transduction","11/641","79/12837",0.139240506329114,2.78850293252236,3.65550232479901,0.00180599221919753,0.0182064680522045,0.0126725592314722,"HEG1/KANK2/APOE/ARHGAP20/FERMT2/ARHGAP30/RIPOR1/NRP1/LPAR1/TEK/COL3A1",11
"GO:0001952","regulation of cell-matrix adhesion","13/641","103/12837",0.12621359223301,2.52761916301895,3.56850614045063,0.00180884057646213,0.0182064680522045,0.0126725592314722,"GREM1/THY1/CD36/PLAU/MMP14/FERMT2/NRP1/MMP12/ACER2/PLPP3/TEK/THBS1/COL16A1",13
"GO:0051048","negative regulation of secretion","13/641","103/12837",0.12621359223301,2.52761916301895,3.56850614045063,0.00180884057646213,0.0182064680522045,0.0126725592314722,"LIF/ADORA1/APOE/NRG1/RHBDF1/UCN/DPH3/SYT11/INHBA/IL11/SYT1/GJA1/IL1B",13
"GO:0030099","myeloid cell differentiation","26/641","281/12837",0.0925266903914591,1.8529877138146,3.31440399164026,0.00182093354697481,0.0182064680522045,0.0126725592314722,"H4C8/FBXW7/GAB2/CDKN2B/LIF/OSTM1/ISG15/SLC4A2/IL33/MEF2C/MXRA7/H4C9/CSF3/BMP2/FAXDC2/CEBPB/TNFAIP6/IL6ST/FBN1/INHBA/IRF7/IL11/CD4/GPR137B/NR3C1/IL1B",26
"GO:0001541","ovarian follicle development","6/641","27/12837",0.222222222222222,4.45033801352054,4.11437735760105,0.00182108774656345,0.0182064680522045,0.0126725592314722,"HYAL3/MMP14/CEBPB/TNFAIP6/INHBA/EREG",6
"GO:0002673","regulation of acute inflammatory response","6/641","27/12837",0.222222222222222,4.45033801352054,4.11437735760105,0.00182108774656345,0.0182064680522045,0.0126725592314722,"ADORA1/PTGS2/IL6ST/EDNRB/IL6/IL1B",6
"GO:0098703","calcium ion import across plasma membrane","6/641","27/12837",0.222222222222222,4.45033801352054,4.11437735760105,0.00182108774656345,0.0182064680522045,0.0126725592314722,"CACNA2D1/CACNA1C/CACNA1H/TRPV2/NALF1/PRNP",6
"GO:1902656","calcium ion import into cytosol","6/641","27/12837",0.222222222222222,4.45033801352054,4.11437735760105,0.00182108774656345,0.0182064680522045,0.0126725592314722,"CACNA2D1/CACNA1C/CACNA1H/TRPV2/NALF1/PRNP",6
"GO:0043500","muscle adaptation","10/641","68/12837",0.147058823529412,2.94507662659448,3.68678565564962,0.00189884528403299,0.0189380004294015,0.0131817402188656,"RGS4/HMOX1/HAND2/TCAP/RGS2/IGFBP5/IL6ST/AKAP6/CYBA/IL1B",10
"GO:0006939","smooth muscle contraction","9/641","57/12837",0.157894736842105,3.16208227276459,3.7504154404766,0.00191087823544994,0.0189663851783,0.013201497340931,"APBB1/CNN1/GDNF/RGS2/KCNMA1/SPHK1/ITGA2/EDNRB/TRPA1",9
"GO:0030500","regulation of bone mineralization","9/641","57/12837",0.157894736842105,3.16208227276459,3.7504154404766,0.00191087823544994,0.0189663851783,0.013201497340931,"GREM1/ISG15/MEF2C/TWIST1/CCN1/ECM1/BMP2/DDR2/FBN2",9
"GO:0032640","tumor necrosis factor production","15/641","129/12837",0.116279069767442,2.32866523963284,3.47701837971039,0.0019255379216887,0.0190204451642408,0.0132391256372003,"SIRPA/HSPB1/CLU/LRRK2/IL33/TWIST1/IFNGR1/IL27RA/CACTIN/SYT11/LY96/THBS1/CYBA/IL6/WNT5A",15
"GO:0032680","regulation of tumor necrosis factor production","15/641","129/12837",0.116279069767442,2.32866523963284,3.47701837971039,0.0019255379216887,0.0190204451642408,0.0132391256372003,"SIRPA/HSPB1/CLU/LRRK2/IL33/TWIST1/IFNGR1/IL27RA/CACTIN/SYT11/LY96/THBS1/CYBA/IL6/WNT5A",15
"GO:0014002","astrocyte development","5/641","19/12837",0.263157894736842,5.27013712127432,4.2701550946279,0.00197980406370416,0.0192343787741987,0.0133880335053284,"IFNGR1/GRN/ZEB2/LRP1/IL6",5
"GO:0030194","positive regulation of blood coagulation","5/641","19/12837",0.263157894736842,5.27013712127432,4.2701550946279,0.00197980406370416,0.0192343787741987,0.0133880335053284,"PLAT/CD36/PLAU/THBS1/EMILIN1",5
"GO:0032107","regulation of response to nutrient levels","5/641","19/12837",0.263157894736842,5.27013712127432,4.2701550946279,0.00197980406370416,0.0192343787741987,0.0133880335053284,"KANK2/SNAI2/UCN/FBN1/GDF15",5
"GO:0035914","skeletal muscle cell differentiation","5/641","19/12837",0.263157894736842,5.27013712127432,4.2701550946279,0.00197980406370416,0.0192343787741987,0.0133880335053284,"SIRT2/MEF2C/CYP26B1/GPC1/RBM24",5
"GO:0043032","positive regulation of macrophage activation","5/641","19/12837",0.263157894736842,5.27013712127432,4.2701550946279,0.00197980406370416,0.0192343787741987,0.0133880335053284,"LRRK2/IL33/IL4R/THBS1/WNT5A",5
"GO:0048048","embryonic eye morphogenesis","5/641","19/12837",0.263157894736842,5.27013712127432,4.2701550946279,0.00197980406370416,0.0192343787741987,0.0133880335053284,"TWIST1/FBN1/FBN2/TBX2/WNT5A",5
"GO:1900048","positive regulation of hemostasis","5/641","19/12837",0.263157894736842,5.27013712127432,4.2701550946279,0.00197980406370416,0.0192343787741987,0.0133880335053284,"PLAT/CD36/PLAU/THBS1/EMILIN1",5
"GO:2000241","regulation of reproductive process","11/641","80/12837",0.1375,2.75364664586583,3.60701514454671,0.00200182580936208,0.0194026731616339,0.0135051743251173,"PLAT/SIRT2/HYAL3/PLCB1/CACNA1H/SYDE1/INHBA/EDNRB/CITED2/GJA1/TIMP1",11
"GO:0070555","response to interleukin-1","12/641","92/12837",0.130434782608696,2.61215492097945,3.55767218343597,0.00201897965639062,0.0194774929935441,0.0135572524519046,"SIRPA/HYAL3/PLCB1/CCL2/CHI3L1/CXCL8/SMPD1/CACTIN/CEBPB/CYBA/IL6/IL1B",12
"GO:1903531","negative regulation of secretion by cell","12/641","92/12837",0.130434782608696,2.61215492097945,3.55767218343597,0.00201897965639062,0.0194774929935441,0.0135572524519046,"LIF/ADORA1/APOE/RHBDF1/UCN/DPH3/SYT11/INHBA/IL11/SYT1/GJA1/IL1B",12
"GO:0002573","myeloid leukocyte differentiation","17/641","156/12837",0.108974358974359,2.1823772950918,3.4062521245965,0.00202495612947002,0.0194896127239667,0.0135656883550797,"FBXW7/GAB2/LIF/OSTM1/SLC4A2/IL33/CSF3/BMP2/CEBPB/TNFAIP6/FBN1/INHBA/IRF7/CD4/GPR137B/NR3C1/IL1B",17
"GO:0051174","regulation of phosphorus metabolic process","38/641","467/12837",0.0813704496788009,1.62956702422272,3.17724513840965,0.00206317197472961,0.0197527323378712,0.01374883199846,"FGF2/HSPB1/PRKAR2B/TNFRSF18/SIRT2/RASSF2/LIF/NEK10/ADORA1/INPP5K/THY1/NRG1/FGF7/SESN2/PDK4/C3/SPATA18/AGAP2/BMP2/AREG/CACTIN/FAXDC2/DDR2/NDUFC2/FBLN1/NRP1/IL4R/INHBA/IL11/FGFR1/THBS1/EREG/AMDHD2/RARRES2/IL6/MAD2L2/CDKN1A/WNT5A",38
"GO:0045744","negative regulation of G protein-coupled receptor signaling pathway","8/641","47/12837",0.170212765957447,3.40876954227105,3.79266137657193,0.00206664576651983,0.0197527323378712,0.01374883199846,"RGS17/PDE3A/RGS4/CXCL8/ADM/RGS2/APLP1/RGS5",8
"GO:0046660","female sex differentiation","8/641","47/12837",0.170212765957447,3.40876954227105,3.79266137657193,0.00206664576651983,0.0197527323378712,0.01374883199846,"IRF2BPL/HYAL3/MMP14/CEBPB/TNFAIP6/INHBA/EREG/PDGFRA",8
"GO:0033628","regulation of cell adhesion mediated by integrin","7/641","37/12837",0.189189189189189,3.788801281781,3.89447219692274,0.00207957324704073,0.0197846957074451,0.0137710800090572,"LIF/SNAI2/PLAU/JAM3/ACER2/FERMT3/SWAP70",7
"GO:0086002","cardiac muscle cell action potential involved in contraction","7/641","37/12837",0.189189189189189,3.788801281781,3.89447219692274,0.00207957324704073,0.0197846957074451,0.0137710800090572,"CACNA2D1/KCNJ2/CACNA1C/SCN9A/SCN2A/GJA1/KCNE5",7
"GO:0030282","bone mineralization","10/641","69/12837",0.144927536231884,2.90239435664383,3.63244308651678,0.00212371906881348,0.0201447012201262,0.0140216608010057,"GREM1/ISG15/MEF2C/TWIST1/CCN1/ECM1/BMP2/DDR2/FBN2/SBDS",10
"GO:0016049","cell growth","30/641","344/12837",0.0872093023255814,1.74649892972463,3.2174381112598,0.00212758193599678,0.0201447012201262,0.0140216608010057,"DAB2/RGS4/SOCS2/BDNF/APOE/NRG1/SESN2/ARHGAP4/FRZB/FGF13/ZC3H12D/MMP14/UCN/RGS2/DCBLD2/TRPV2/NRP1/SPHK1/OSGIN1/WFDC1/IGFBP7/INHBA/AKAP6/KRT17/FHL1/SYT1/GJA1/CYBA/MAD2L2/CDKN1A",30
"GO:0030003","intracellular monoatomic cation homeostasis","27/641","299/12837",0.0903010033444816,1.80841494529346,3.24258191620067,0.00213204999593005,0.0201447012201262,0.0140216608010057,"SLC4A5/TRPC6/ATP6V1B2/FTH1/KCNJ2/FTL/LRRK2/HMOX1/ADORA1/SLC4A2/SLC22A17/ATP6V0E1/MCOLN1/MT2A/BMP2/DMPK/GRN/KCNMA1/CYBRD1/ISCU/ATP13A1/ATP2A3/STC1/TRPA1/ATP6V0A1/PRNP/WNT5A",27
"GO:0043065","positive regulation of apoptotic process","33/641","390/12837",0.0846153846153846,1.69455178207128,3.19330021199135,0.00214019736209874,0.0201755134888257,0.0140431075911811,"SCRIB/CLU/FBXW7/SIRT2/RASSF2/SQSTM1/MEF2C/APBB1/CCL2/FRZB/GSDME/BMP2/TXNIP/SMPD1/FAP/GRN/KCNMA1/CTSD/CASP1/LPAR1/INHBA/BCL2A1/ITM2C/LCK/CD40LG/ID3/THBS1/FAS/PRNP/PHLDA3/IL6/SLC27A4/WNT5A",33
"GO:0030324","lung development","9/641","58/12837",0.155172413793103,3.10756361288934,3.68791934722021,0.00216391496399099,0.020349886603146,0.0141644794911709,"FGF7/CHI3L1/BMP2/IGFBP5/TCF21/FBN1/TBX2/FOXF1/COL3A1",9
"GO:0010721","negative regulation of cell development","17/641","157/12837",0.10828025477707,2.16847680276638,3.37711193403664,0.00216855173295816,0.020349886603146,0.0141644794911709,"S1PR3/FBXW7/TMEM176B/SIRT2/SLC4A2/TMEM176A/THY1/GLI3/ARHGAP4/FGF13/TNFAIP6/FBN1/INHBA/EDNRB/GPR137B/IL6/IL1B",17
"GO:0043116","negative regulation of vascular permeability","4/641","12/12837",0.333333333333333,6.67550702028081,4.50922350816588,0.00220994841572406,0.0204732578682275,0.0142503517020645,"PDE3A/APOE/FERMT2/ADM",4
"GO:0070341","fat cell proliferation","4/641","12/12837",0.333333333333333,6.67550702028081,4.50922350816588,0.00220994841572406,0.0204732578682275,0.0142503517020645,"SQSTM1/FABP4/IL6ST/IL6",4
"GO:0072087","renal vesicle development","4/641","12/12837",0.333333333333333,6.67550702028081,4.50922350816588,0.00220994841572406,0.0204732578682275,0.0142503517020645,"LIF/GREM1/SALL1/GDNF",4
"GO:0035051","cardiocyte differentiation","12/641","93/12837",0.129032258064516,2.58406723365709,3.51477367299992,0.00221561329035246,0.0204732578682275,0.0142503517020645,"RGS4/GREM1/MEF2C/NRG1/HAND2/TCAP/BMP2/RGS2/INHBA/AKAP6/TBX2/PDGFRA",12
"GO:0002455","humoral immune response mediated by circulating immunoglobulin","6/641","28/12837",0.214285714285714,4.29139737018052,3.99702515777906,0.00222136583312325,0.0204732578682275,0.0142503517020645,"CLU/C3/C1R/IGHG2/IGHG1/C1S",6
"GO:0014075","response to amine","6/641","28/12837",0.214285714285714,4.29139737018052,3.99702515777906,0.00222136583312325,0.0204732578682275,0.0142503517020645,"RGS17/RGS4/RRM2B/RGS2/ITGA2/CD4",6
"GO:0042311","vasodilation","6/641","28/12837",0.214285714285714,4.29139737018052,3.99702515777906,0.00222136583312325,0.0204732578682275,0.0142503517020645,"ADORA1/UCN/RGS2/KCNMA1/FBN1/EDNRB",6
"GO:1903055","positive regulation of extracellular matrix organization","6/641","28/12837",0.214285714285714,4.29139737018052,3.99702515777906,0.00222136583312325,0.0204732578682275,0.0142503517020645,"PLAU/BMP2/DDR2/CARMIL2/EMILIN1/IL6",6
"GO:0030100","regulation of endocytosis","22/641","227/12837",0.0969162995594714,1.94089631426667,3.27893127189789,0.0022408216069394,0.0206065755346387,0.0143431470767277,"SIRPA/CLU/AXL/SGIP1/LRRK2/DAB2/GREM1/APOE/NRG1/CCL2/C3/SMPD1/MDM2/SYT11/SPHK1/LPAR1/ITGA2/NCDN/SYT1/LRP1/CYBA/PRKD1",22
"GO:0031401","positive regulation of protein modification process","27/641","301/12837",0.0897009966777409,1.79639889914533,3.20530652939423,0.00234347703825734,0.0214649034718076,0.014940583745532,"FGF2/PRKAR2B/TNFRSF18/FBXW7/LRRK2/RASSF2/LIF/NEK10/NRG1/FGF7/SESN2/C3/AGAP2/BMP2/FAXDC2/DDR2/IL4R/SPHK1/IL11/FGFR1/ARRDC4/EREG/RARRES2/IL6/MAD2L2/CDKN1A/WNT5A",27
"GO:0048562","embryonic organ morphogenesis","13/641","106/12837",0.122641509433962,2.45608277161275,3.45098362064137,0.00234642951223943,0.0214649034718076,0.014940583745532,"HOXA3/MEF2C/TWIST1/HOXB3/TCAP/SPARC/TCF21/FBN1/FBN2/TBX2/FOXF1/PDGFRA/WNT5A",13
"GO:0002521","leukocyte differentiation","36/641","439/12837",0.082004555808656,1.64226596398708,3.13910984529777,0.00234975450938654,0.0214649034718076,0.014940583745532,"AXL/FBXW7/TMEM176B/GAB2/LIF/OSTM1/SLC4A2/TMEM176A/IL18RAP/CD1D/IL33/GLI3/CTSL/CSF3/BMP2/MMP14/TNFSF8/CEBPB/TNFAIP6/MR1/PBX1/IL4R/IL6ST/FBN1/INHBA/IRF7/LY6D/LCK/IL11/CD4/GPR137B/NR3C1/ZBTB46/IGHM/IL6/IL1B",36
"GO:0030330","DNA damage response, signal transduction by p53 class mediator","10/641","70/12837",0.142857142857143,2.86093158012035,3.57906971502025,0.0023695435593181,0.0215409712695201,0.0149935305152929,"HIC1/SNAI2/TWIST1/SESN2/MDM2/PLK3/ACER2/TRIAP1/PLK2/CDKN1A",10
"GO:0003179","heart valve morphogenesis","8/641","48/12837",0.166666666666667,3.33775351014041,3.71994230253847,0.00237373260538427,0.0215409712695201,0.0149935305152929,"MEF2C/SNAI2/TWIST1/CDH11/ADAMTS5/BMP2/ADAMTS19/EMILIN1",8
"GO:0050886","endocrine process","8/641","48/12837",0.166666666666667,3.33775351014041,3.71994230253847,0.00237373260538427,0.0215409712695201,0.0149935305152929,"DAB2/FOXD1/UCN/INHBA/EDNRB/GJA1/CYBA/IL1B",8
"GO:0003176","aortic valve development","7/641","38/12837",0.184210526315789,3.68909598489203,3.80579371132404,0.00244137625780583,0.0218071660299866,0.01517881460551,"SNAI2/TWIST1/CDH11/ADAMTS5/BMP2/ADAMTS19/EMILIN1",7
"GO:0010761","fibroblast migration","7/641","38/12837",0.184210526315789,3.68909598489203,3.80579371132404,0.00244137625780583,0.0218071660299866,0.01517881460551,"FGF2/ACTA2/ARHGAP4/DDR2/CYGB/ZEB2/THBS1",7
"GO:0030326","embryonic limb morphogenesis","7/641","38/12837",0.184210526315789,3.68909598489203,3.80579371132404,0.00244137625780583,0.0218071660299866,0.01517881460551,"CACNA1C/SALL1/TWIST1/CYP26B1/GLI3/PITX1/TBX2",7
"GO:0035113","embryonic appendage morphogenesis","7/641","38/12837",0.184210526315789,3.68909598489203,3.80579371132404,0.00244137625780583,0.0218071660299866,0.01517881460551,"CACNA1C/SALL1/TWIST1/CYP26B1/GLI3/PITX1/TBX2",7
"GO:0048706","embryonic skeletal system development","7/641","38/12837",0.184210526315789,3.68909598489203,3.80579371132404,0.00244137625780583,0.0218071660299866,0.01517881460551,"HOXA3/TWIST1/HAND2/HOXB3/COL1A1/PDGFRA/WNT5A",7
"GO:0070050","neuron cellular homeostasis","7/641","38/12837",0.184210526315789,3.68909598489203,3.80579371132404,0.00244137625780583,0.0218071660299866,0.01517881460551,"ATP6V1B2/ADORA1/ATP6V1E1/MAP1A/HAAO/ATP6V0A1/IL6",7
"GO:1904645","response to amyloid-beta","7/641","38/12837",0.184210526315789,3.68909598489203,3.80579371132404,0.00244137625780583,0.0218071660299866,0.01517881460551,"CACNA2D1/CD36/MMP12/MMP3/LRP1/GJA1/PRNP",7
"GO:0072073","kidney epithelium development","11/641","82/12837",0.134146341463415,2.68648453255203,3.51224027200554,0.00244531796364345,0.0218071660299866,0.01517881460551,"FGF2/BASP1/KANK2/LIF/GREM1/SALL1/FOXD1/MEF2C/BMP2/GDNF/TCF21",11
"GO:0003338","metanephros morphogenesis","5/641","20/12837",0.25,5.00663026521061,4.11089357865915,0.0025325987994296,0.0223920780360703,0.0155859409092522,"BASP1/LIF/GREM1/SALL1/GDNF",5
"GO:0032967","positive regulation of collagen biosynthetic process","5/641","20/12837",0.25,5.00663026521061,4.11089357865915,0.0025325987994296,0.0223920780360703,0.0155859409092522,"DDR2/UCN/ITGA2/INHBA/SERPINB7",5
"GO:0045939","negative regulation of steroid metabolic process","5/641","20/12837",0.25,5.00663026521061,4.11089357865915,0.0025325987994296,0.0223920780360703,0.0155859409092522,"APOE/SNAI2/DKK3/BMP2/SCAP",5
"GO:2001044","regulation of integrin-mediated signaling pathway","5/641","20/12837",0.25,5.00663026521061,4.11089357865915,0.0025325987994296,0.0223920780360703,0.0155859409092522,"LAMA2/PLAU/LAMA1/PRKD1/TIMP1",5
"GO:0048608","reproductive structure development","13/641","107/12837",0.121495327102804,2.43312872701824,3.41269950643486,0.00255235919932799,0.0224705567889664,0.0156405658173693,"BASP1/HYAL3/SALL1/WNT2B/MMP14/CEBPB/TNFAIP6/TCF21/INHBA/CITED2/EREG/PDGFRA/WNT5A",13
"GO:0090596","sensory organ morphogenesis","13/641","107/12837",0.121495327102804,2.43312872701824,3.41269950643486,0.00255235919932799,0.0224705567889664,0.0156405658173693,"SAMD11/COL5A2/THY1/TWIST1/CYP26B1/GLI3/TCAP/SPARC/WNT2B/FBN1/FBN2/TBX2/WNT5A",13
"GO:0001837","epithelial to mesenchymal transition","15/641","133/12837",0.112781954887218,2.25863019483185,3.34494426252869,0.00260263318874961,0.0227193920430172,0.0158137668735431,"DAB2/GREM1/MCRIP1/SNAI2/TWIST1/HGF/BMP2/FERMT2/FGFR1/COL1A1/VASN/IL6/MAD2L2/WNT5A/IL1B",15
"GO:0007188","adenylate cyclase-modulating G protein-coupled receptor signaling pathway","15/641","133/12837",0.112781954887218,2.25863019483185,3.34494426252869,0.00260263318874961,0.0227193920430172,0.0158137668735431,"PRKAR2B/S1PR3/PDE3A/ADORA1/LPAR3/ADM/GPR68/RGS2/GNAI1/GPR37/LPAR1/APLP1/FBN1/AKAP6/GPR176",15
"GO:0071706","tumor necrosis factor superfamily cytokine production","15/641","133/12837",0.112781954887218,2.25863019483185,3.34494426252869,0.00260263318874961,0.0227193920430172,0.0158137668735431,"SIRPA/HSPB1/CLU/LRRK2/IL33/TWIST1/IFNGR1/IL27RA/CACTIN/SYT11/LY96/THBS1/CYBA/IL6/WNT5A",15
"GO:1903555","regulation of tumor necrosis factor superfamily cytokine production","15/641","133/12837",0.112781954887218,2.25863019483185,3.34494426252869,0.00260263318874961,0.0227193920430172,0.0158137668735431,"SIRPA/HSPB1/CLU/LRRK2/IL33/TWIST1/IFNGR1/IL27RA/CACTIN/SYT11/LY96/THBS1/CYBA/IL6/WNT5A",15
"GO:0045601","regulation of endothelial cell differentiation","6/641","29/12837",0.206896551724138,4.14341815051912,3.88504145382278,0.00268450347724512,0.023335399700095,0.0162425372148842,"S1PR3/ZEB1/PLCB1/ATOH8/TMEM100/IL1B",6
"GO:0050922","negative regulation of chemotaxis","6/641","29/12837",0.206896551724138,4.14341815051912,3.88504145382278,0.00268450347724512,0.023335399700095,0.0162425372148842,"GREM1/CCL2/TNFAIP6/MICOS10-NBL1/NBL1/THBS1",6
"GO:0006873","intracellular monoatomic ion homeostasis","27/641","304/12837",0.0888157894736842,1.77867127843008,3.14991321870377,0.0026940967865252,0.0233695916629465,0.0162663364313623,"SLC4A5/TRPC6/ATP6V1B2/FTH1/KCNJ2/FTL/LRRK2/HMOX1/ADORA1/SLC4A2/SLC22A17/ATP6V0E1/MCOLN1/MT2A/BMP2/DMPK/GRN/KCNMA1/CYBRD1/ISCU/ATP13A1/ATP2A3/STC1/TRPA1/ATP6V0A1/PRNP/WNT5A",27
"GO:0002526","acute inflammatory response","9/641","60/12837",0.15,3.00397815912637,3.56688676910674,0.00274972855406394,0.0237523623425314,0.0165327628516434,"ADORA1/SAA1/PTGS2/CEBPB/IGHG1/IL6ST/EDNRB/IL6/IL1B",9
"GO:0030323","respiratory tube development","9/641","60/12837",0.15,3.00397815912637,3.56688676910674,0.00274972855406394,0.0237523623425314,0.0165327628516434,"FGF7/CHI3L1/BMP2/IGFBP5/TCF21/FBN1/TBX2/FOXF1/COL3A1",9
"GO:0061458","reproductive system development","13/641","108/12837",0.12037037037037,2.41059975732363,3.37484398268121,0.00277285883535279,0.0239021589377279,0.0166370283368466,"BASP1/HYAL3/SALL1/WNT2B/MMP14/CEBPB/TNFAIP6/TCF21/INHBA/CITED2/EREG/PDGFRA/WNT5A",13
"GO:0001932","regulation of protein phosphorylation","28/641","320/12837",0.0875,1.75232059282371,3.12437370317112,0.0028105714189272,0.0241117947950761,0.0167829447667476,"FGF2/HSPB1/PRKAR2B/TNFRSF18/SIRT2/RASSF2/LIF/NEK10/THY1/NRG1/FGF7/SESN2/C3/AGAP2/BMP2/CACTIN/FAXDC2/DDR2/FBLN1/IL4R/IL11/FGFR1/EREG/RARRES2/IL6/MAD2L2/CDKN1A/WNT5A",28
"GO:0007266","Rho protein signal transduction","14/641","121/12837",0.115702479338843,2.31711813927103,3.33716221415069,0.00281505819067102,0.0241117947950761,0.0167829447667476,"HEG1/LRRK2/KANK2/APOE/ARHGAP4/ARHGAP20/FERMT2/ARHGAP30/RIPOR1/NRP1/LPAR1/TEK/COL1A2/COL3A1",14
"GO:0097553","calcium ion transmembrane import into cytosol","14/641","121/12837",0.115702479338843,2.31711813927103,3.33716221415069,0.00281505819067102,0.0241117947950761,0.0167829447667476,"FGF2/CACNA2D1/CACNA1C/THY1/PLCB1/CACNA1H/TRPV2/AKAP6/LCK/CD4/NALF1/TRPA1/PLCL1/PRNP",14
"GO:0071674","mononuclear cell migration","17/641","161/12837",0.105590062111801,2.11460160269765,3.26269627472041,0.00283103043772529,0.0241117947950761,0.0167829447667476,"SIRPA/GREM1/SAA1/PLCB1/CCL2/IL27RA/MMP14/JAM3/GNAI1/MICOS10-NBL1/NBL1/EDNRB/THBS1/EMILIN1/RARRES2/IL6/WNT5A",17
"GO:0038084","vascular endothelial growth factor signaling pathway","7/641","39/12837",0.179487179487179,3.59450378015121,3.72006663793221,0.00284973501089783,0.0241117947950761,0.0167829447667476,"DCN/GREM1/VEGFD/JCAD/NRP1/EMILIN1/PDGFRA",7
"GO:0051145","smooth muscle cell differentiation","7/641","39/12837",0.179487179487179,3.59450378015121,3.72006663793221,0.00284973501089783,0.0241117947950761,0.0167829447667476,"MEF2C/TMEM204/ADM/RCAN1/ITGA8/EDNRB/EREG",7
"GO:0070169","positive regulation of biomineral tissue development","7/641","39/12837",0.179487179487179,3.59450378015121,3.72006663793221,0.00284973501089783,0.0241117947950761,0.0167829447667476,"ISG15/SLC4A2/MEF2C/CCN1/BMP2/CEBPB/FBN2",7
"GO:0098900","regulation of action potential","7/641","39/12837",0.179487179487179,3.59450378015121,3.72006663793221,0.00284973501089783,0.0241117947950761,0.0167829447667476,"CACNA2D1/KCNJ2/CACNA1C/CD36/FGF13/NALF1/TRPA1",7
"GO:1905517","macrophage migration","7/641","39/12837",0.179487179487179,3.59450378015121,3.72006663793221,0.00284973501089783,0.0241117947950761,0.0167829447667476,"SAA1/CCL2/MMP14/EDNRB/THBS1/EMILIN1/RARRES2",7
"GO:0046651","lymphocyte proliferation","18/641","175/12837",0.102857142857143,2.05987073768665,3.23635335115362,0.00287951372553906,0.0243019713116583,0.0169153165790021,"SCRIB/IGFBP2/SLC4A2/CD1D/MEF2C/IL27RA/TNFSF8/CEBPB/TWSG1/TNFRSF4/SASH3/IL6ST/VAV1/CD4/CD40LG/PRNP/IL6/IL1B",18
"GO:0043068","positive regulation of programmed cell death","34/641","413/12837",0.0823244552058111,1.64867243600156,3.07188469004338,0.00288398303286814,0.0243019713116583,0.0169153165790021,"SCRIB/CLU/FBXW7/SIRT2/LRRK2/RASSF2/SQSTM1/MEF2C/APBB1/CCL2/FRZB/GSDME/BMP2/TXNIP/SMPD1/FAP/GRN/KCNMA1/CTSD/CASP1/LPAR1/INHBA/BCL2A1/ITM2C/LCK/CD40LG/ID3/THBS1/FAS/PRNP/PHLDA3/IL6/SLC27A4/WNT5A",34
"GO:0048771","tissue remodeling","12/641","96/12837",0.125,2.5033151326053,3.38937052945099,0.0029012638859514,0.0243977975256484,0.0169820161370512,"GREM1/SLC4A2/MEF2C/HAND2/PDK4/P3H4/MMP14/DDR2/RSPO3/GPR137B/GJA1/IL6",12
"GO:0042542","response to hydrogen peroxide","10/641","72/12837",0.138888888888889,2.78146125845034,3.47510060413847,0.00292959331991127,0.024585956946979,0.0171129839560117,"SIRPA/HMOX1/IL18RAP/PCNA/AREG/TXNIP/MDM2/COL1A1/TRPA1/IL6",10
"GO:0050877","nervous system process","39/641","493/12837",0.0791075050709939,1.58424811637496,3.03268976192968,0.00298005256292977,0.0249586958059574,0.0173724277566836,"RDH10/KCNJ2/LRRK2/LUM/RGS4/ADORA1/APOE/MEF2C/SNAI2/CD36/PLCB1/CCL2/SCN9A/TCAP/CST2/GSDME/TSHZ3/FGF13/DMPK/UCN/MAP1A/SCN2A/CEBPB/SYT11/SLC29A1/TRPV2/TGFBI/ITGA2/BEST1/CST1/TMEM100/BRSK1/COL1A1/NALF1/SYT1/PLK2/TRPA1/PRKD1/PRNP",39
"GO:2000377","regulation of reactive oxygen species metabolic process","13/641","109/12837",0.119266055045872,2.38848416321974,3.33740765240174,0.00300868249451519,0.0251273014047483,0.0174897851942332,"SIRPA/SIRT2/LRRK2/DUOXA2/CD36/NDUFC2/FBLN5/MMP3/THBS1/CYBA/AKR1C1/FAS/CDKN1A",13
"GO:1902806","regulation of cell cycle G1/S phase transition","17/641","162/12837",0.104938271604938,2.1015485063847,3.23461287101052,0.0030206438586978,0.0251273014047483,0.0174897851942332,"ADAMTS1/FBXW7/CDKN2B/KANK2/MLF1/APBB1/PLCB1/CCL2/ZC3H12D/DDR2/PLK3/INHBA/TBX2/FHL1/TRIAP1/CDKN1A/DACT1",17
"GO:0030177","positive regulation of Wnt signaling pathway","14/641","122/12837",0.114754098360656,2.29812536763766,3.30273349632564,0.0030383082492107,0.0251273014047483,0.0174897851942332,"TMEM132A/LRRK2/DAB2/SALL1/CSNK1G2/ADGRA2/PPM1A/BMP2/RECK/ZEB2/RSPO3/COL1A1/DACT1/WNT5A",14
"GO:0051402","neuron apoptotic process","18/641","176/12837",0.102272727272727,2.04816692667707,3.20987368748784,0.0030628900115318,0.0251273014047483,0.0174897851942332,"FGF2/CLU/FBXW7/BDNF/MEF2C/CCL2/IL27RA/AGAP2/GDNF/FZD1/UCN/SCN2A/GRN/CASP1/NRP1/IL6ST/FAS/PRNP",18
"GO:0007263","nitric oxide mediated signal transduction","4/641","13/12837",0.307692307692308,6.16200648025921,4.26887686675959,0.00306712518963263,0.0251273014047483,0.0174897851942332,"APOE/CD36/GUCY1B1/THBS1",4
"GO:0033629","negative regulation of cell adhesion mediated by integrin","4/641","13/12837",0.307692307692308,6.16200648025921,4.26887686675959,0.00306712518963263,0.0251273014047483,0.0174897851942332,"SNAI2/JAM3/ACER2/SWAP70",4
"GO:0050651","dermatan sulfate proteoglycan biosynthetic process","4/641","13/12837",0.307692307692308,6.16200648025921,4.26887686675959,0.00306712518963263,0.0251273014047483,0.0174897851942332,"CSGALNACT1/CSGALNACT2/DSEL/DSE",4
"GO:0051953","negative regulation of amine transport","4/641","13/12837",0.307692307692308,6.16200648025921,4.26887686675959,0.00306712518963263,0.0251273014047483,0.0174897851942332,"RGS4/ADORA1/RGS2/SYT11",4
"GO:0090091","positive regulation of extracellular matrix disassembly","4/641","13/12837",0.307692307692308,6.16200648025921,4.26887686675959,0.00306712518963263,0.0251273014047483,0.0174897851942332,"PLAU/DDR2/CARMIL2/IL6",4
"GO:1901163","regulation of trophoblast cell migration","4/641","13/12837",0.307692307692308,6.16200648025921,4.26887686675959,0.00306712518963263,0.0251273014047483,0.0174897851942332,"SYDE1/FBN2/GJA1/TIMP1",4
"GO:1903587","regulation of blood vessel endothelial cell proliferation involved in sprouting angiogenesis","4/641","13/12837",0.307692307692308,6.16200648025921,4.26887686675959,0.00306712518963263,0.0251273014047483,0.0174897851942332,"FGF2/HMOX1/JCAD/THBS1",4
"GO:0045785","positive regulation of cell adhesion","31/641","368/12837",0.0842391304347826,1.68701671979923,3.06556525059356,0.00307797228858649,0.0251662328308389,0.0175168833003395,"SIRPA/TNFRSF18/IGFBP2/DAB2/LIF/SAA1/LAMA2/THY1/CD1D/NRG1/CD36/GLI3/CCL2/FERMT2/FBLN1/NRP1/IL6ST/PLPP3/ITGA2/UNC13D/TEK/LCK/VAV1/LAMA1/CD4/CITED2/CD40LG/CCDC80/COL16A1/IL6/IL1B",31
"GO:0050830","defense response to Gram-positive bacterium","8/641","50/12837",0.16,3.20424336973479,3.5801017824628,0.00309439559715979,0.0252505126890766,0.0175755460509881,"IL18RAP/H2BC12/ADM/MR1/H2BC11/RARRES2/IL6/IL1B",8
"GO:0010714","positive regulation of collagen metabolic process","5/641","21/12837",0.238095238095238,4.76821930020058,3.96191112209716,0.00318930402255821,0.0258208555081232,0.0179725315143898,"DDR2/UCN/ITGA2/INHBA/SERPINB7",5
"GO:0048645","animal organ formation","5/641","21/12837",0.238095238095238,4.76821930020058,3.96191112209716,0.00318930402255821,0.0258208555081232,0.0179725315143898,"MEF2C/HAND2/BMP2/CITED2/WNT5A",5
"GO:0050820","positive regulation of coagulation","5/641","21/12837",0.238095238095238,4.76821930020058,3.96191112209716,0.00318930402255821,0.0258208555081232,0.0179725315143898,"PLAT/CD36/PLAU/THBS1/EMILIN1",5
"GO:0051894","positive regulation of focal adhesion assembly","5/641","21/12837",0.238095238095238,4.76821930020058,3.96191112209716,0.00318930402255821,0.0258208555081232,0.0179725315143898,"THY1/FERMT2/NRP1/TEK/COL16A1",5
"GO:0006953","acute-phase response","6/641","30/12837",0.2,4.00530421216849,3.77798756191392,0.00321638284207886,0.0259223853664854,0.0180432010775455,"SAA1/PTGS2/CEBPB/EDNRB/IL6/IL1B",6
"GO:0051952","regulation of amine transport","6/641","30/12837",0.2,4.00530421216849,3.77798756191392,0.00321638284207886,0.0259223853664854,0.0180432010775455,"RGS4/ADORA1/GDNF/RGS2/SYT11/SYT1",6
"GO:0010810","regulation of cell-substrate adhesion","17/641","163/12837",0.104294478527607,2.08865557076271,3.20673159785262,0.00322067902470502,0.0259223853664854,0.0180432010775455,"DAB2/GREM1/THY1/CD36/PLAU/MMP14/FERMT2/FBLN1/NRP1/MMP12/ACER2/PLPP3/UNC13D/TEK/THBS1/CCDC80/COL16A1",17
"GO:0001938","positive regulation of endothelial cell proliferation","10/641","73/12837",0.136986301369863,2.74335904943047,3.42444372615971,0.00324670101456364,0.0260352013836362,0.0181217263387605,"FGF2/HMOX1/ECM1/JCAD/NRP1/TEK/FGFR1/CYBA/PRKD1/WNT5A",10
"GO:0032943","mononuclear cell proliferation","18/641","177/12837",0.101694915254237,2.03659536211957,3.18356852914097,0.00325588456203199,0.0260352013836362,0.0181217263387605,"SCRIB/IGFBP2/SLC4A2/CD1D/MEF2C/IL27RA/TNFSF8/CEBPB/TWSG1/TNFRSF4/SASH3/IL6ST/VAV1/CD4/CD40LG/PRNP/IL6/IL1B",18
"GO:0048639","positive regulation of developmental growth","11/641","85/12837",0.129411764705882,2.59166743140314,3.37526442356512,0.00325644979590184,0.0260352013836362,0.0181217263387605,"FGF2/BASP1/BDNF/MEF2C/NRG1/PLCB1/TRPV2/NRP1/AKAP6/TBX2/SYT1",11
"GO:0036293","response to decreased oxygen levels","22/641","234/12837",0.094017094017094,1.88283531341254,3.12453805381314,0.0032599174413514,0.0260352013836362,0.0181217263387605,"SIRT2/ADORA1/DRAM1/TWIST1/VEGFD/BMP2/MMP14/PTGS2/MDM2/DDR2/SCN2A/KCNMA1/SLC29A1/CYGB/ZEB2/ITGA2/INHBA/CITED2/THBS1/CYBA/STC1/FMN2",22
"GO:0006693","prostaglandin metabolic process","7/641","40/12837",0.175,3.50464118564743,3.6371112861523,0.00330843300592506,0.0263716600028273,0.0183559173838557,"PTGS1/AKR1C2/AKR1B1/PTGS2/CES2/AKR1C1/IL1B",7
"GO:0051056","regulation of small GTPase mediated signal transduction","25/641","279/12837",0.0896057347670251,1.79449113448409,3.07585656107759,0.00338825804795174,0.0269559103660746,0.0187625831530225,"HEG1/KANK2/APOE/SQSTM1/ARHGAP23/ARHGAP4/MRAS/SYDE1/ARHGAP20/HRAS/FERMT2/ARHGAP30/RIPOR1/NRP1/LPAR1/CYTH4/SWAP70/ARHGAP22/TEK/VAV1/RASGRF2/LAMA1/ARHGAP9/COL3A1/WNT5A",25
"GO:0001657","ureteric bud development","8/641","51/12837",0.156862745098039,3.14141506836744,3.51280266397372,0.00351321223815943,0.0277893741980082,0.0193427132335622,"FGF2/BASP1/GREM1/SALL1/FOXD1/BMP2/GDNF/TCF21",8
"GO:0060419","heart growth","8/641","51/12837",0.156862745098039,3.14141506836744,3.51280266397372,0.00351321223815943,0.0277893741980082,0.0193427132335622,"FGF2/BASP1/RGS4/MEF2C/NRG1/RGS2/AKAP6/TBX2",8
"GO:2000379","positive regulation of reactive oxygen species metabolic process","8/641","51/12837",0.156862745098039,3.14141506836744,3.51280266397372,0.00351321223815943,0.0277893741980082,0.0193427132335622,"SIRPA/DUOXA2/CD36/THBS1/CYBA/AKR1C1/FAS/CDKN1A",8
"GO:0021782","glial cell development","10/641","74/12837",0.135135135135135,2.70628662984357,3.37463358287244,0.00359052096119436,0.0283465794431577,0.0197305543267933,"CLU/MXRA8/SIRT2/IFNGR1/HRAS/GRN/ZEB2/LPAR1/LRP1/IL6",10
"GO:0071356","cellular response to tumor necrosis factor","17/641","165/12837",0.103030303030303,2.06333853354134,3.15156379982524,0.00365374543767892,0.0287906773133135,0.0200396673600286,"TNFRSF18/HYAL3/INPP5K/EDA2R/CCL2/CHI3L1/GSDME/CXCL8/CACTIN/CASP1/TNFRSF4/SPHK1/H2BC11/COL1A1/THBS1/CYBA/FAS",17
"GO:0051046","regulation of secretion","32/641","388/12837",0.0824742268041237,1.65167184006948,2.98822121829827,0.0036780707970594,0.02892715108773,0.0201346595345063,"CACNA2D1/LRRK2/DAB2/GAB2/LIF/HYAL3/ADORA1/SAA1/APOE/MEF2C/APBB1/NRG1/RHBDF1/VPS18/ABCA12/BMP2/GDNF/UCN/DPH3/SYT11/IL6ST/INHBA/UNC13D/IL11/SYT1/GJA1/STC1/STXBP5/TRPA1/PRKD1/IL6/IL1B",32
"GO:0050727","regulation of inflammatory response","26/641","296/12837",0.0878378378378378,1.75908630939832,3.02904755354332,0.00371279645295321,0.029135229439552,0.0202794918672075,"SIRPA/PRKAR2B/LRRK2/ADORA1/SAA1/APOE/IL33/PTGS2/CEBPB/TNFAIP6/GRN/CASP1/SYT11/SPHK1/IL6ST/EDNRB/TEK/CD4/MMP3/FURIN/PLK2/IL13RA2/RARRES2/IL6/WNT5A/IL1B",26
"GO:0032496","response to lipopolysaccharide","21/641","222/12837",0.0945945945945946,1.8944006408905,3.08176928703184,0.00371864032808038,0.029135229439552,0.0202794918672075,"SIRPA/AXL/IL18RAP/MEF2C/CXCL6/CD36/CCL2/LDOC1/CSF3/CXCL8/CACTIN/CEBPB/CASP1/NFKBIB/EDNRB/LY96/DIO2/MMP3/IL6/WNT5A/IL1B",21
"GO:0002687","positive regulation of leukocyte migration","13/641","112/12837",0.116071428571429,2.32450690884778,3.22752418255444,0.00381595046330797,0.0297832711930716,0.0207305594483768,"TNFRSF18/THY1/CCL2/VEGFD/CXCL8/MMP14/JAM3/ITGA2/SWAP70/THBS1/RARRES2/IL6/WNT5A",13
"GO:1905314","semi-lunar valve development","7/641","41/12837",0.170731707317073,3.41916213233895,3.55676318027879,0.00382134216326582,0.0297832711930716,0.0207305594483768,"SNAI2/TWIST1/CDH11/ADAMTS5/BMP2/ADAMTS19/EMILIN1",7
"GO:0097242","amyloid-beta clearance","6/641","31/12837",0.193548387096774,3.87610085048563,3.67547412592792,0.00382299194292273,0.0297832711930716,0.0207305594483768,"CLU/APOE/CD36/IFNGR1/C3/LRP1",6
"GO:0033273","response to vitamin","9/641","63/12837",0.142857142857143,2.86093158012035,3.39447321331014,0.003856117955061,0.0298722533516827,0.0207924952215487,"KANK2/SNAI2/CYP26B1/SCAP/MDM2/ITGA2/CD4/COL1A1/STC1",9
"GO:0071260","cellular response to mechanical stimulus","9/641","63/12837",0.142857142857143,2.86093158012035,3.39447321331014,0.003856117955061,0.0298722533516827,0.0207924952215487,"FGF2/KCNJ2/CASP1/ITGA2/TEK/COL1A1/CYBA/FAS/IL1B",9
"GO:0071496","cellular response to external stimulus","9/641","63/12837",0.142857142857143,2.86093158012035,3.39447321331014,0.003856117955061,0.0298722533516827,0.0207924952215487,"FGF2/KCNJ2/CASP1/ITGA2/TEK/COL1A1/CYBA/FAS/IL1B",9
"GO:0034612","response to tumor necrosis factor","18/641","180/12837",0.1,2.00265210608424,3.10567705894787,0.00389643208140043,0.0301042667429914,0.0209539874689974,"TNFRSF18/HYAL3/INPP5K/EDA2R/CCL2/CHI3L1/GSDME/CXCL8/SMPD1/CACTIN/CASP1/TNFRSF4/SPHK1/H2BC11/COL1A1/THBS1/CYBA/FAS",18
"GO:0010717","regulation of epithelial to mesenchymal transition","11/641","87/12837",0.126436781609195,2.53208886976169,3.28718126165529,0.00390794065736095,0.0301042667429914,0.0209539874689974,"DAB2/GREM1/MCRIP1/TWIST1/BMP2/FERMT2/COL1A1/VASN/IL6/MAD2L2/IL1B",11
"GO:0032760","positive regulation of tumor necrosis factor production","11/641","87/12837",0.126436781609195,2.53208886976169,3.28718126165529,0.00390794065736095,0.0301042667429914,0.0209539874689974,"HSPB1/CLU/LRRK2/IL33/TWIST1/IFNGR1/LY96/THBS1/CYBA/IL6/WNT5A",11
"GO:0043268","positive regulation of potassium ion transport","5/641","22/12837",0.227272727272727,4.55148205928237,3.82205402372994,0.00396027074600977,0.0302232584991337,0.0210368113354084,"KCNJ2/ADORA1/AKAP6/FHL1/KCNE5",5
"GO:0048736","appendage development","10/641","75/12837",0.133333333333333,2.67020280811232,3.32564304071739,0.00396259473917851,0.0302232584991337,0.0210368113354084,"GREM1/CACNA1C/SALL1/TWIST1/CYP26B1/GLI3/PITX1/FERMT2/TBX2/COL3A1",10
"GO:0060173","limb development","10/641","75/12837",0.133333333333333,2.67020280811232,3.32564304071739,0.00396259473917851,0.0302232584991337,0.0210368113354084,"GREM1/CACNA1C/SALL1/TWIST1/CYP26B1/GLI3/PITX1/FERMT2/TBX2/COL3A1",10
"GO:0035107","appendage morphogenesis","8/641","52/12837",0.153846153846154,3.08100324012961,3.44714239103375,0.00397462566360611,0.0302232584991337,0.0210368113354084,"CACNA1C/SALL1/TWIST1/CYP26B1/GLI3/PITX1/TBX2/COL3A1",8
"GO:0035108","limb morphogenesis","8/641","52/12837",0.153846153846154,3.08100324012961,3.44714239103375,0.00397462566360611,0.0302232584991337,0.0210368113354084,"CACNA1C/SALL1/TWIST1/CYP26B1/GLI3/PITX1/TBX2/COL3A1",8
"GO:0072163","mesonephric epithelium development","8/641","52/12837",0.153846153846154,3.08100324012961,3.44714239103375,0.00397462566360611,0.0302232584991337,0.0210368113354084,"FGF2/BASP1/GREM1/SALL1/FOXD1/BMP2/GDNF/TCF21",8
"GO:0072164","mesonephric tubule development","8/641","52/12837",0.153846153846154,3.08100324012961,3.44714239103375,0.00397462566360611,0.0302232584991337,0.0210368113354084,"FGF2/BASP1/GREM1/SALL1/FOXD1/BMP2/GDNF/TCF21",8
"GO:0031960","response to corticosteroid","12/641","100/12837",0.12,2.40318252730109,3.22935474439602,0.00407325293384888,0.0309162892718052,0.0215191933927481,"IGFBP2/PCNA/CDO1/AREG/UCN/IGFBP7/INHBA/TBX2/NR3C1/CYBA/STC1/IL6",12
"GO:0046184","aldehyde biosynthetic process","4/641","14/12837",0.285714285714286,5.7218631602407,4.05245083747478,0.00412610346058637,0.0310322061726068,0.0215998770150259,"DAB2/DKK3/CACNA1H/BMP2",4
"GO:0071636","positive regulation of transforming growth factor beta production","4/641","14/12837",0.285714285714286,5.7218631602407,4.05245083747478,0.00412610346058637,0.0310322061726068,0.0215998770150259,"LUM/PTGS2/THBS1/SERPINB7",4
"GO:1900424","regulation of defense response to bacterium","4/641","14/12837",0.285714285714286,5.7218631602407,4.05245083747478,0.00412610346058637,0.0310322061726068,0.0215998770150259,"GRN/SYT11/CYBA/EMILIN1",4
"GO:1901861","regulation of muscle tissue development","4/641","14/12837",0.285714285714286,5.7218631602407,4.05245083747478,0.00412610346058637,0.0310322061726068,0.0215998770150259,"SIRT2/MEF2C/TWIST1/IGFBP5",4
"GO:1903428","positive regulation of reactive oxygen species biosynthetic process","4/641","14/12837",0.285714285714286,5.7218631602407,4.05245083747478,0.00412610346058637,0.0310322061726068,0.0215998770150259,"DUOXA2/CD36/CYBA/FAS",4
"GO:0008202","steroid metabolic process","20/641","210/12837",0.0952380952380952,1.90728772008023,3.03906333570795,0.00423867792538454,0.0317631599889524,0.0221086552968184,"DAB2/AKR1C2/APOE/SNAI2/DKK3/CACNA1H/AKR1B1/BMP2/ADM/SCAP/CYP27A1/FAXDC2/DHRS9/HSD17B2/GNAI1/PBX1/IGFBP7/EDNRB/FDXR/AKR1C1",20
"GO:0010959","regulation of metal ion transport","20/641","210/12837",0.0952380952380952,1.90728772008023,3.03906333570795,0.00423867792538454,0.0317631599889524,0.0221086552968184,"TRPC6/CACNA2D1/KCNJ2/RGS4/ADORA1/CACNA1C/INPP5K/THY1/CCL2/LPAR3/FGF13/UCN/TRPV2/ISCU/AKAP6/FHL1/CD4/STC1/PRNP/KCNE5",20
"GO:0010811","positive regulation of cell-substrate adhesion","11/641","88/12837",0.125,2.5033151326053,3.24405692068609,0.00427055922875722,0.0319440924919177,0.0222345928402316,"DAB2/THY1/CD36/FERMT2/FBLN1/NRP1/PLPP3/UNC13D/TEK/CCDC80/COL16A1",11
"GO:0051928","positive regulation of calcium ion transport","9/641","64/12837",0.140625,2.81622952418097,3.33925375654002,0.00429354687024395,0.0320579656912066,0.0223138539500047,"TRPC6/THY1/CCL2/LPAR3/UCN/TRPV2/AKAP6/CD4/STC1",9
"GO:1903530","regulation of secretion by cell","30/641","361/12837",0.0831024930747922,1.66425382777084,2.93484483279537,0.00433514636003703,0.0323101431779655,0.022489381357552,"CACNA2D1/LRRK2/DAB2/GAB2/LIF/HYAL3/ADORA1/SAA1/APOE/MEF2C/APBB1/RHBDF1/VPS18/ABCA12/BMP2/GDNF/UCN/DPH3/SYT11/IL6ST/INHBA/UNC13D/IL11/SYT1/GJA1/STXBP5/TRPA1/PRKD1/IL6/IL1B",30
"GO:0019722","calcium-mediated signaling","16/641","154/12837",0.103896103896104,2.0806775128148,3.09300512702499,0.00435574014367195,0.0324051370328315,0.0225555015544492,"RCAN2/LRRK2/CACNA1C/MCOLN1/CXCL8/DMPK/CXCR6/RCAN1/GRIK1/SPHK1/AKAP6/EDNRB/TRPA1/PDGFRA/PRKD1/PRNP",16
"GO:0071478","cellular response to radiation","14/641","127/12837",0.110236220472441,2.20764799095901,3.13548414849761,0.00438278341306425,0.0324441095953118,0.0225826282934202,"FBXW7/HYAL3/XPC/PCNA/SMPD1/HRAS/MDM2/MMP1/MMP3/TRIAP1/CYBA/MFAP4/CDKN1A/TIMP1",14
"GO:0006692","prostanoid metabolic process","7/641","42/12837",0.166666666666667,3.33775351014041,3.47887143256342,0.00439240912176782,0.0324441095953118,0.0225826282934202,"PTGS1/AKR1C2/AKR1B1/PTGS2/CES2/AKR1C1/IL1B",7
"GO:0008585","female gonad development","7/641","42/12837",0.166666666666667,3.33775351014041,3.47887143256342,0.00439240912176782,0.0324441095953118,0.0225826282934202,"HYAL3/MMP14/CEBPB/TNFAIP6/INHBA/EREG/PDGFRA",7
"GO:0050731","positive regulation of peptidyl-tyrosine phosphorylation","7/641","42/12837",0.166666666666667,3.33775351014041,3.47887143256342,0.00439240912176782,0.0324441095953118,0.0225826282934202,"TNFRSF18/LIF/NRG1/FGF7/IL4R/IL11/IL6",7
"GO:0044409","symbiont entry into host","13/641","114/12837",0.114035087719298,2.28372608588554,3.15620489866454,0.00444549816272078,0.0327191834471909,0.0227740926494375,"AXL/CTSL/CXCL8/ITGB5/SMPD1/NRP1/TNFRSF4/ITGA2/CD4/FURIN/LRP1/CTSB/SLC3A2",13
"GO:0062013","positive regulation of small molecule metabolic process","13/641","114/12837",0.114035087719298,2.28372608588554,3.15620489866454,0.00444549816272078,0.0327191834471909,0.0227740926494375,"RDH10/SIRT2/DAB2/APOE/TWIST1/PTGS2/ADM/SCAP/NDUFC2/GNAI1/GDF15/SORBS1/IL1B",13
"GO:0001823","mesonephros development","8/641","53/12837",0.150943396226415,3.02287110352339,3.38304617536029,0.00448141571999766,0.0329248496581322,0.0229172460184816,"FGF2/BASP1/GREM1/SALL1/FOXD1/BMP2/GDNF/TCF21",8
"GO:0001937","negative regulation of endothelial cell proliferation","6/641","32/12837",0.1875,3.75497269890796,3.57715417284798,0.00451039274169943,0.0330788838907229,0.0230244610988905,"APOE/MEF2C/CCL2/SPARC/ATOH8/THBS1",6
"GO:0043588","skin development","15/641","141/12837",0.106382978723404,2.13048096391941,3.09438619060886,0.00455047775389372,0.0333136926344454,0.0231878990432715,"FST/COL5A2/CDH11/PI3/ABCA12/TXNIP/FBN1/ITGA2/INHBA/KRT17/COL1A1/COL1A2/EREG/COL3A1/WNT5A",15
"GO:1905954","positive regulation of lipid localization","9/641","65/12837",0.138461538461538,2.77290291611664,3.28509050419409,0.00476872996487312,0.0348497097786923,0.0242570393172232,"DAB2/APOE/CD36/C3/ABCA8/ABCA12/LRP1/TRIAP1/IL1B",9
"GO:1904752","regulation of vascular associated smooth muscle cell migration","5/641","23/12837",0.217391304347826,4.35359153496575,3.69034427782645,0.00485579804452351,0.0353981384433415,0.0246387714970769,"ADAMTS1/MEF2C/MDM2/DDR2/IGFBP5",5
"GO:1901654","response to ketone","15/641","142/12837",0.105633802816901,2.11547757684955,3.06424739314226,0.00486092140890643,0.0353981384433415,0.0246387714970769,"FGF2/LRRK2/AKR1C2/PCNA/MAP4K1/TXNIP/MMP14/GNAI1/IGFBP7/INHBA/TBX2/NR3C1/THBS1/CYBA/PRKD1",15
"GO:0043523","regulation of neuron apoptotic process","16/641","156/12837",0.102564102564103,2.0540021600864,3.03642256327737,0.00493845348600299,0.0358994268375112,0.0249876918285189,"FGF2/CLU/FBXW7/BDNF/MEF2C/CCL2/IL27RA/AGAP2/GDNF/FZD1/UCN/GRN/CASP1/NRP1/IL6ST/PRNP",16
"GO:0006826","iron ion transport","7/641","43/12837",0.162790697674419,3.26013133548598,3.40329732454529,0.00502564107404606,0.0362777482425458,0.0252510213441662,"FTH1/FTL/SLC22A17/MCOLN1/CYBRD1/ISCU/STEAP4",7
"GO:0008543","fibroblast growth factor receptor signaling pathway","7/641","43/12837",0.162790697674419,3.26013133548598,3.40329732454529,0.00502564107404606,0.0362777482425458,0.0252510213441662,"FGF2/FLRT2/FGF7/GPC1/TBX2/FGFR1/THBS1",7
"GO:0046545","development of primary female sexual characteristics","7/641","43/12837",0.162790697674419,3.26013133548598,3.40329732454529,0.00502564107404606,0.0362777482425458,0.0252510213441662,"HYAL3/MMP14/CEBPB/TNFAIP6/INHBA/EREG/PDGFRA",7
"GO:1905330","regulation of morphogenesis of an epithelium","7/641","43/12837",0.162790697674419,3.26013133548598,3.40329732454529,0.00502564107404606,0.0362777482425458,0.0252510213441662,"FGF2/LIF/GREM1/HGF/GDNF/TBX2/GJA1",7
"GO:0007189","adenylate cyclase-activating G protein-coupled receptor signaling pathway","11/641","90/12837",0.122222222222222,2.4476859074363,3.15956118349985,0.00507591801124641,0.0365130060425722,0.0254147718528839,"PRKAR2B/S1PR3/PDE3A/LPAR3/ADM/GPR68/GNAI1/LPAR1/APLP1/FBN1/AKAP6",11
"GO:1903557","positive regulation of tumor necrosis factor superfamily cytokine production","11/641","90/12837",0.122222222222222,2.4476859074363,3.15956118349985,0.00507591801124641,0.0365130060425722,0.0254147718528839,"HSPB1/CLU/LRRK2/IL33/TWIST1/IFNGR1/LY96/THBS1/CYBA/IL6/WNT5A",11
"GO:0043269","regulation of monoatomic ion transport","22/641","243/12837",0.0905349794238683,1.81310067217504,2.93359916628648,0.00511734296808659,0.0367469723743122,0.0255776234388502,"TRPC6/CACNA2D1/KCNJ2/RGS4/ADORA1/CACNA1C/INPP5K/THY1/CCL2/LPAR3/FGF13/UCN/TRPV2/ISCU/AKAP6/FHL1/CD4/STOM/STC1/TRPA1/PRNP/KCNE5",22
"GO:0045637","regulation of myeloid cell differentiation","15/641","143/12837",0.104895104895105,2.10068402736109,3.0343564533981,0.00518833729303492,0.0371920914634396,0.0258874472885859,"H4C8/FBXW7/LIF/ISG15/MEF2C/H4C9/CSF3/FAXDC2/CEBPB/TNFAIP6/FBN1/INHBA/IRF7/CD4/GPR137B",15
"GO:1901655","cellular response to ketone","10/641","78/12837",0.128205128205128,2.567502700108,3.18333571179651,0.00526429030118574,0.0374922362210757,0.0260963621757708,"LRRK2/AKR1C2/MAP4K1/MMP14/GNAI1/IGFBP7/TBX2/NR3C1/CYBA/PRKD1",10
"GO:0032526","response to retinoic acid","9/641","66/12837",0.136363636363636,2.73088923556942,3.23194494037345,0.00528379166779219,0.0374922362210757,0.0260963621757708,"IGFBP2/CYP26B1/HAND2/HSD17B2/ACER2/IGFBP7/TBX2/COL1A1/WNT5A",9
"GO:0003180","aortic valve morphogenesis","6/641","33/12837",0.181818181818182,3.6411856474259,3.48271732958219,0.00528468914523276,0.0374922362210757,0.0260963621757708,"SNAI2/TWIST1/CDH11/ADAMTS5/ADAMTS19/EMILIN1",6
"GO:0021879","forebrain neuron differentiation","6/641","33/12837",0.181818181818182,3.6411856474259,3.48271732958219,0.00528468914523276,0.0374922362210757,0.0260963621757708,"SALL1/BMP2/NRP1/INHBA/BLOC1S2/WNT5A",6
"GO:0060349","bone morphogenesis","6/641","33/12837",0.181818181818182,3.6411856474259,3.48271732958219,0.00528468914523276,0.0374922362210757,0.0260963621757708,"RAB23/MEF2C/TWIST1/CYP26B1/STC1/COL3A1",6
"GO:1904707","positive regulation of vascular associated smooth muscle cell proliferation","6/641","33/12837",0.181818181818182,3.6411856474259,3.48271732958219,0.00528468914523276,0.0374922362210757,0.0260963621757708,"FGF2/ADAMTS1/MDM2/DDR2/IGFBP5/GJA1",6
"GO:0002696","positive regulation of leukocyte activation","24/641","274/12837",0.0875912408759124,1.75414783014678,2.89281225395049,0.00536988947995931,0.0379681257976324,0.0264276037339501,"SIRPA/AXL/LRRK2/IGFBP2/THY1/CD1D/IL33/MEF2C/GLI3/CCL2/MMP14/IL4R/TNFRSF4/SASH3/IL6ST/LCK/VAV1/CD4/CD40LG/THBS1/IL6/MAD2L2/WNT5A/IL1B",24
"GO:0006855","xenobiotic transmembrane transport","4/641","15/12837",0.266666666666667,5.34040561622465,3.85596622449975,0.00540694065609297,0.0379681257976324,0.0264276037339501,"ABCA8/SLC29A1/ABCC4/SYT1",4
"GO:0030449","regulation of complement activation","4/641","15/12837",0.266666666666667,5.34040561622465,3.85596622449975,0.00540694065609297,0.0379681257976324,0.0264276037339501,"CLU/C3/A2M/IL1B",4
"GO:0045472","response to ether","4/641","15/12837",0.266666666666667,5.34040561622465,3.85596622449975,0.00540694065609297,0.0379681257976324,0.0264276037339501,"LRRK2/PLCB1/MDM2/CD4",4
"GO:0150078","positive regulation of neuroinflammatory response","4/641","15/12837",0.266666666666667,5.34040561622465,3.85596622449975,0.00540694065609297,0.0379681257976324,0.0264276037339501,"LRRK2/IL33/IL6/IL1B",4
"GO:1900221","regulation of amyloid-beta clearance","4/641","15/12837",0.266666666666667,5.34040561622465,3.85596622449975,0.00540694065609297,0.0379681257976324,0.0264276037339501,"CLU/APOE/IFNGR1/LRP1",4
"GO:0042129","regulation of T cell proliferation","13/641","117/12837",0.111111111111111,2.22516900676027,3.05197195296135,0.00554414089654496,0.038865463093097,0.0270521927533457,"SCRIB/IGFBP2/SLC4A2/CD1D/TNFSF8/CEBPB/TWSG1/IL6ST/CD4/CD40LG/PRNP/IL6/IL1B",13
"GO:0045860","positive regulation of protein kinase activity","12/641","104/12837",0.115384615384615,2.3107524300972,3.07685572718661,0.00559823330895348,0.0391781446316423,0.027269833830486,"FGF2/PRKAR2B/RASSF2/NEK10/NRG1/SESN2/AGAP2/DDR2/FGFR1/EREG/CDKN1A/WNT5A",12
"GO:0032970","regulation of actin filament-based process","27/641","321/12837",0.0841121495327103,1.68447373408955,2.84715877877644,0.00563772255097935,0.0393544951065306,0.0273925820665587,"KCNJ2/AVIL/KANK2/RGS4/ADORA1/CACNA1C/INPP5K/SLC4A2/ACTA2/CFL2/CSF3/FGF13/HRAS/FERMT2/DNAI3/CCN2/ZEB2/NRP1/LPAR1/SWAP70/CARMIL2/RND3/LRP1/STC1/CRACD/PDGFRA/PRKD1",27
"GO:0018958","phenol-containing compound metabolic process","8/641","55/12837",0.145454545454545,2.91294851794072,3.25927031783484,0.00564249481788959,0.0393544951065306,0.0273925820665587,"DUOX2/DUOXA2/CTSK/ZEB2/DIO2/CPQ/CTSB/WNT5A",8
"GO:0003014","renal system process","10/641","79/12837",0.126582278481013,2.53500266592942,3.1373757972899,0.00576549292176374,0.0401439963319953,0.0279421121024961,"SLC4A5/PRKAR2B/INPP5K/KIRREL1/ADM/MCAM/KCNMA1/EDNRB/CYBA/STC1",10
"GO:0042098","T cell proliferation","14/641","131/12837",0.106870229007634,2.14023889199843,3.00719945202259,0.00577513534056799,0.0401439963319953,0.0279421121024961,"SCRIB/IGFBP2/SLC4A2/CD1D/TNFSF8/CEBPB/TWSG1/TNFRSF4/IL6ST/CD4/CD40LG/PRNP/IL6/IL1B",14
"GO:0006942","regulation of striated muscle contraction","9/641","67/12837",0.134328358208955,2.69012969474003,3.17978053145112,0.00584089173120967,0.0405058482318074,0.0281939780668468,"KCNJ2/ADORA1/CACNA1C/FGF13/DMPK/UCN/RGS2/STC1/PRKD1",9
"GO:0002237","response to molecule of bacterial origin","21/641","231/12837",0.0909090909090909,1.82059282371295,2.88522850567205,0.00586986617986131,0.0405058482318074,0.0281939780668468,"SIRPA/AXL/IL18RAP/MEF2C/CXCL6/CD36/CCL2/LDOC1/CSF3/CXCL8/CACTIN/CEBPB/CASP1/NFKBIB/EDNRB/LY96/DIO2/MMP3/IL6/WNT5A/IL1B",21
"GO:0010830","regulation of myotube differentiation","5/641","24/12837",0.208333333333333,4.17219188767551,3.56594646641636,0.0058860520559662,0.0405058482318074,0.0281939780668468,"BDNF/CYP26B1/MMP14/RBM24/DMPK",5
"GO:0019226","transmission of nerve impulse","5/641","24/12837",0.208333333333333,4.17219188767551,3.56594646641636,0.0058860520559662,0.0405058482318074,0.0281939780668468,"SCN9A/SCN2A/ITGA2/NALF1/TRPA1",5
"GO:0072012","glomerulus vasculature development","5/641","24/12837",0.208333333333333,4.17219188767551,3.56594646641636,0.0058860520559662,0.0405058482318074,0.0281939780668468,"ACTA2/TCF21/TEK/SERPINB7/PDGFRA",5
"GO:1904738","vascular associated smooth muscle cell migration","5/641","24/12837",0.208333333333333,4.17219188767551,3.56594646641636,0.0058860520559662,0.0405058482318074,0.0281939780668468,"ADAMTS1/MEF2C/MDM2/DDR2/IGFBP5",5
"GO:0030514","negative regulation of BMP signaling pathway","6/641","34/12837",0.176470588235294,3.53409195191337,3.39188497813014,0.00615199519591364,0.0421253535056839,0.0293212300110479,"GREM1/GREM2/TNFAIP6/MICOS10-NBL1/FBN1/NBL1",6
"GO:0045933","positive regulation of muscle contraction","6/641","34/12837",0.176470588235294,3.53409195191337,3.39188497813014,0.00615199519591364,0.0421253535056839,0.0293212300110479,"CACNA2D1/CACNA1C/UCN/RGS2/SPHK1/ITGA2",6
"GO:1902930","regulation of alcohol biosynthetic process","6/641","34/12837",0.176470588235294,3.53409195191337,3.39188497813014,0.00615199519591364,0.0421253535056839,0.0293212300110479,"DAB2/APOE/DKK3/BMP2/SCAP/GNAI1",6
"GO:0006836","neurotransmitter transport","14/641","132/12837",0.106060606060606,2.12402496099844,2.97584802100489,0.00617352746111926,0.0422028061042408,0.0293751406674162,"SCRIB/LRRK2/MEF2C/VPS18/SLC25A18/GDNF/LIN7A/SYT11/SLC29A1/BEST1/BRSK1/SV2A/SYT1/STXBP5",14
"GO:0045927","positive regulation of growth","16/641","160/12837",0.1,2.00265210608424,2.92574975731641,0.006294516251548,0.0428055036242583,0.0297946465264979,"FGF2/BASP1/BDNF/MEF2C/NRG1/PLCB1/MMP14/UCN/TRPV2/NRP1/SPHK1/AKAP6/KRT17/TBX2/SYT1/CYBA",16
"GO:0003170","heart valve development","8/641","56/12837",0.142857142857143,2.86093158012035,3.19946352301045,0.0063025708201062,0.0428055036242583,0.0297946465264979,"MEF2C/SNAI2/TWIST1/CDH11/ADAMTS5/BMP2/ADAMTS19/EMILIN1",8
"GO:0030278","regulation of ossification","10/641","80/12837",0.125,2.5033151326053,3.09211691141822,0.00630315965210682,0.0428055036242583,0.0297946465264979,"GREM1/ISG15/MEF2C/TWIST1/CCN1/ECM1/BMP2/DDR2/FBN2/WNT5A",10
"GO:0046889","positive regulation of lipid biosynthetic process","10/641","80/12837",0.125,2.5033151326053,3.09211691141822,0.00630315965210682,0.0428055036242583,0.0297946465264979,"RDH10/SIRT2/DAB2/APOE/PTGS2/ADM/SCAP/GNAI1/SORBS1/IL1B",10
"GO:0015711","organic anion transport","25/641","293/12837",0.0853242320819113,1.7087475307886,2.81347141780145,0.00633178413917726,0.042929288523256,0.029880806646078,"TTYH2/SLC44A5/SLC4A5/RGS4/PANX1/ADORA1/SLC4A2/APOE/SLC16A7/CD36/SLC25A18/FABP4/SLC36A1/RGS2/CALHM5/SLC16A4/ABCC4/BEST1/GLTP/GJA1/THBS1/AKR1C1/SLC27A4/SLC3A2/IL1B",25
"GO:0010232","vascular transport","9/641","68/12837",0.132352941176471,2.65056896393503,3.12856259578344,0.00644222085027053,0.0434639377300114,0.0302529476742687,"APOE/SLC16A7/CD36/SLC29A1/ABCC4/ATP2A3/LRP1/SLC27A4/SLC3A2",9
"GO:0060395","SMAD protein signal transduction","9/641","68/12837",0.132352941176471,2.65056896393503,3.12856259578344,0.00644222085027053,0.0434639377300114,0.0302529476742687,"DAB2/GREM1/BMP2/ATOH8/TWSG1/INHBA/GDF15/LRP1/EMILIN1",9
"GO:0150104","transport across blood-brain barrier","9/641","68/12837",0.132352941176471,2.65056896393503,3.12856259578344,0.00644222085027053,0.0434639377300114,0.0302529476742687,"APOE/SLC16A7/CD36/SLC29A1/ABCC4/ATP2A3/LRP1/SLC27A4/SLC3A2",9
"GO:0030858","positive regulation of epithelial cell differentiation","7/641","45/12837",0.155555555555556,3.11523660946438,3.2586007044797,0.00649484411982668,0.0436052217410802,0.0303512880000032,"FGF2/LIF/BMP2/GDNF/ATOH8/ZEB2/TMEM100",7
"GO:0032722","positive regulation of chemokine production","7/641","45/12837",0.155555555555556,3.11523660946438,3.2586007044797,0.00649484411982668,0.0436052217410802,0.0303512880000032,"HMOX1/IL33/TWIST1/IL4R/IL6/WNT5A/IL1B",7
"GO:0045428","regulation of nitric oxide biosynthetic process","7/641","45/12837",0.155555555555556,3.11523660946438,3.2586007044797,0.00649484411982668,0.0436052217410802,0.0303512880000032,"SIRPA/CLU/APOE/NOSIP/CD36/PTGS2/IL1B",7
"GO:0050728","negative regulation of inflammatory response","14/641","133/12837",0.105263157894737,2.10805484850973,2.94477418649953,0.00659363266963333,0.0441966059949935,0.0307629192930573,"SIRPA/PRKAR2B/ADORA1/SAA1/APOE/IL33/TNFAIP6/GRN/SYT11/TEK/FURIN/PLK2/IL13RA2/IL1B",14
"GO:0015849","organic acid transport","20/641","219/12837",0.091324200913242,1.82890603295365,2.83639856866756,0.00673204959230261,0.0449783701725202,0.0313070639792393,"TTYH2/SLC44A5/RGS4/ADORA1/APOE/SLC16A7/CD36/SLC25A18/FABP4/SLC36A1/RGS2/SLC16A4/ABCC4/BEST1/GJA1/THBS1/AKR1C1/SLC27A4/SLC3A2/IL1B",20
"GO:0046942","carboxylic acid transport","20/641","219/12837",0.091324200913242,1.82890603295365,2.83639856866756,0.00673204959230261,0.0449783701725202,0.0313070639792393,"TTYH2/SLC44A5/RGS4/ADORA1/APOE/SLC16A7/CD36/SLC25A18/FABP4/SLC36A1/RGS2/SLC16A4/ABCC4/BEST1/GJA1/THBS1/AKR1C1/SLC27A4/SLC3A2/IL1B",20
"GO:0006925","inflammatory cell apoptotic process","4/641","16/12837",0.25,5.00663026521061,3.67632137749208,0.00692844678103914,0.0456260873347857,0.0317579056296085,"MEF2C/CTSL/IRF7/IL6",4
"GO:0010566","regulation of ketone biosynthetic process","4/641","16/12837",0.25,5.00663026521061,3.67632137749208,0.00692844678103914,0.0456260873347857,0.0317579056296085,"DAB2/DKK3/BMP2/ADM",4
"GO:0019228","neuronal action potential","4/641","16/12837",0.25,5.00663026521061,3.67632137749208,0.00692844678103914,0.0456260873347857,0.0317579056296085,"SCN9A/SCN2A/NALF1/TRPA1",4
"GO:0032891","negative regulation of organic acid transport","4/641","16/12837",0.25,5.00663026521061,3.67632137749208,0.00692844678103914,0.0456260873347857,0.0317579056296085,"RGS4/ADORA1/RGS2/THBS1",4
"GO:0046885","regulation of hormone biosynthetic process","4/641","16/12837",0.25,5.00663026521061,3.67632137749208,0.00692844678103914,0.0456260873347857,0.0317579056296085,"DAB2/DKK3/BMP2/ADM",4
"GO:0048546","digestive tract morphogenesis","4/641","16/12837",0.25,5.00663026521061,3.67632137749208,0.00692844678103914,0.0456260873347857,0.0317579056296085,"TCF21/FOXF1/PDGFRA/DACT1",4
"GO:0060045","positive regulation of cardiac muscle cell proliferation","4/641","16/12837",0.25,5.00663026521061,3.67632137749208,0.00692844678103914,0.0456260873347857,0.0317579056296085,"FGF2/MEF2C/NRG1/TBX2",4
"GO:0072273","metanephric nephron morphogenesis","4/641","16/12837",0.25,5.00663026521061,3.67632137749208,0.00692844678103914,0.0456260873347857,0.0317579056296085,"LIF/GREM1/SALL1/GDNF",4
"GO:1904754","positive regulation of vascular associated smooth muscle cell migration","4/641","16/12837",0.25,5.00663026521061,3.67632137749208,0.00692844678103914,0.0456260873347857,0.0317579056296085,"ADAMTS1/MDM2/DDR2/IGFBP5",4
"GO:0051591","response to cAMP","8/641","57/12837",0.140350877192982,2.81073979801297,3.1409658099966,0.00701958185433581,0.0460687914584693,0.0320660485496582,"DUOX2/INPP5K/CDO1/AREG/IGFBP5/AKAP6/COL1A1/STC1",8
"GO:0086001","cardiac muscle cell action potential","8/641","57/12837",0.140350877192982,2.81073979801297,3.1409658099966,0.00701958185433581,0.0460687914584693,0.0320660485496582,"CACNA2D1/KCNJ2/CACNA1C/SCN9A/FGF13/SCN2A/GJA1/KCNE5",8
"GO:0043277","apoptotic cell clearance","5/641","25/12837",0.2,4.00530421216849,3.44814198460902,0.00706099029968781,0.0460687914584693,0.0320660485496582,"MFGE8/CCL2/C3/LRP1/THBS1",5
"GO:0051346","negative regulation of hydrolase activity","5/641","25/12837",0.2,4.00530421216849,3.44814198460902,0.00706099029968781,0.0460687914584693,0.0320660485496582,"LRRK2/ECM1/FICD/GPSM1/TIMP1",5
"GO:0019218","regulation of steroid metabolic process","9/641","69/12837",0.130434782608696,2.61215492097945,3.07825818377476,0.00708999611748908,0.0460687914584693,0.0320660485496582,"DAB2/APOE/SNAI2/DKK3/BMP2/ADM/SCAP/GNAI1/IGFBP7",9
"GO:0030316","osteoclast differentiation","9/641","69/12837",0.130434782608696,2.61215492097945,3.07825818377476,0.00708999611748908,0.0460687914584693,0.0320660485496582,"FBXW7/GAB2/OSTM1/SLC4A2/BMP2/CEBPB/TNFAIP6/FBN1/GPR137B",9
"GO:0048592","eye morphogenesis","9/641","69/12837",0.130434782608696,2.61215492097945,3.07825818377476,0.00708999611748908,0.0460687914584693,0.0320660485496582,"SAMD11/COL5A2/THY1/TWIST1/WNT2B/FBN1/FBN2/TBX2/WNT5A",9
"GO:0055007","cardiac muscle cell differentiation","9/641","69/12837",0.130434782608696,2.61215492097945,3.07825818377476,0.00708999611748908,0.0460687914584693,0.0320660485496582,"RGS4/GREM1/MEF2C/NRG1/TCAP/BMP2/RGS2/AKAP6/PDGFRA",9
"GO:0048009","insulin-like growth factor receptor signaling pathway","6/641","35/12837",0.171428571428571,3.43311789614442,3.30440617409312,0.0071184037177291,0.0460687914584693,0.0320660485496582,"IGFBP6/IGFBP2/PLCB1/BMP2/IGFBP5/IGFBP4",6
"GO:0072132","mesenchyme morphogenesis","6/641","35/12837",0.171428571428571,3.43311789614442,3.30440617409312,0.0071184037177291,0.0460687914584693,0.0320660485496582,"ACTG2/SNAI2/ACTA2/ADAMTS5/BMP2/TBX2",6
"GO:0141161","regulation of cAMP/PKA signal transduction","6/641","35/12837",0.171428571428571,3.43311789614442,3.30440617409312,0.0071184037177291,0.0460687914584693,0.0320660485496582,"PRKAR2B/LRRK2/PDE3A/UCN/LPAR1/AKAP6",6
"GO:0022411","cellular component disassembly","31/641","390/12837",0.0794871794871795,1.59185167406696,2.72112191639514,0.00714661018589204,0.0461789568975716,0.0321427288837176,"BMERB1/VPS16/AVIL/RNF25/ZNF598/SNAI2/PLAU/ADAMTS5/C3/CFL2/FGF13/MMP14/GABARAPL1/MMP1/DDR2/MAP1A/NAV3/FAP/PLK3/CTSK/RECK/MMP12/SWAP70/CARMIL2/MMP3/FURIN/LRP1/CRACD/MMP10/IL6/IL1B",31
"GO:0009411","response to UV","13/641","121/12837",0.107438016528926,2.15160970075167,2.91781599858981,0.00733551638237587,0.0470539334192213,0.0327517537514163,"FBXW7/HYAL3/XPC/PCNA/SMPD1/MDM2/MMP1/BRSK1/MMP3/TRIAP1/MFAP4/CDKN1A/TIMP1",13
"GO:0051055","negative regulation of lipid biosynthetic process","7/641","46/12837",0.152173913043478,3.04751407447602,3.1892511680061,0.00733900051392069,0.0470539334192213,0.0327517537514163,"FBXW7/APOE/SNAI2/DKK3/BMP2/SCAP/SPHK1",7
"GO:0055017","cardiac muscle tissue growth","7/641","46/12837",0.152173913043478,3.04751407447602,3.1892511680061,0.00733900051392069,0.0470539334192213,0.0327517537514163,"FGF2/RGS4/MEF2C/NRG1/RGS2/AKAP6/TBX2",7
"GO:0141156","cAMP/PKA signal transduction","7/641","46/12837",0.152173913043478,3.04751407447602,3.1892511680061,0.00733900051392069,0.0470539334192213,0.0327517537514163,"PRKAR2B/LRRK2/PDE3A/UCN/CREM/LPAR1/AKAP6",7
"GO:1903409","reactive oxygen species biosynthetic process","7/641","46/12837",0.152173913043478,3.04751407447602,3.1892511680061,0.00733900051392069,0.0470539334192213,0.0327517537514163,"DUOX2/DUOXA2/CD36/TP53I3/NDUFC2/CYBA/FAS",7
"GO:0090066","regulation of anatomical structure size","27/641","328/12837",0.0823170731707317,1.64852459952057,2.72764119511817,0.00745996588367158,0.0477553474940774,0.0332399709819036,"AVIL/LRRK2/KANK2/ADORA1/BDNF/APOE/ARHGAP4/CFL2/CSF3/FGF13/ADM/UCN/RGS2/KCNMA1/TRPV2/NRP1/SVEP1/FBN1/SWAP70/CARMIL2/EDNRB/VAV1/PRR16/BLOC1S2/CRACD/CCDC51/PRKD1",27
"GO:0071675","regulation of mononuclear cell migration","12/641","108/12837",0.111111111111111,2.22516900676027,2.93120300692338,0.00754519485678065,0.0482261757951197,0.0335676896539548,"GREM1/PLCB1/CCL2/IL27RA/MMP14/JAM3/MICOS10-NBL1/NBL1/THBS1/EMILIN1/RARRES2/WNT5A",12
"GO:0007269","neurotransmitter secretion","11/641","95/12837",0.115789473684211,2.3188603333607,2.9578556103655,0.00761911197819414,0.0485483230832772,0.0337919193386321,"SCRIB/LRRK2/MEF2C/VPS18/LIN7A/SYT11/BEST1/BRSK1/SV2A/SYT1/STXBP5",11
"GO:0099643","signal release from synapse","11/641","95/12837",0.115789473684211,2.3188603333607,2.9578556103655,0.00761911197819414,0.0485483230832772,0.0337919193386321,"SCRIB/LRRK2/MEF2C/VPS18/LIN7A/SYT11/BEST1/BRSK1/SV2A/SYT1/STXBP5",11
"GO:0034762","regulation of transmembrane transport","22/641","252/12837",0.0873015873015873,1.74834707674021,2.7505015124196,0.00777730839848519,0.0493737749248311,0.0343664726965281,"TRPC6/CACNA2D1/KCNJ2/RGS4/CACNA1C/INPP5K/THY1/C3/FGF13/RGS2/ISCU/AKAP6/SORBS1/FHL1/CNIH2/CD4/PEA15/STOM/THBS1/PRNP/KCNE5/IL1B",22
"GO:0030900","forebrain development","17/641","178/12837",0.0955056179775281,1.91264526985574,2.81091342413505,0.0077877489789511,0.0493737749248311,0.0343664726965281,"LRRK2/NCAPH2/SALL1/PLCB1/ARL13B/WNT2B/BMP2/FGF13/NRP1/LPAR1/APLP1/INHBA/FGFR1/BLOC1S2/COL3A1/FEZ1/WNT5A",17
"GO:0051893","regulation of focal adhesion assembly","8/641","58/12837",0.137931034482759,2.76227876701275,3.08372279741145,0.00779648855679096,0.0493737749248311,0.0343664726965281,"GREM1/THY1/MMP14/FERMT2/NRP1/TEK/THBS1/COL16A1",8
"GO:0090109","regulation of cell-substrate junction assembly","8/641","58/12837",0.137931034482759,2.76227876701275,3.08372279741145,0.00779648855679096,0.0493737749248311,0.0343664726965281,"GREM1/THY1/MMP14/FERMT2/NRP1/TEK/THBS1/COL16A1",8
